RespondentID,dCountry,Country_ISO,Q45B,Q55,Q6,Q21_Gender,Q21_Age,Q30,Q31,Q42,Q62,WEIGHT,mainpropsec_web,mainpropdoc_web,reason_1_web,reason_2_web,reason_3_web,reason_4_web,reason_5_web,reason_6_web,reason_7_web,ISO_Alpha_2_code,ISO_Alpha_3_code,ISO_Numeric
1.00198E+13,198,XK,0,2,1,1,2,1,3,1,1,1.27054265,0,2,5,5,5,5,5,5,6,XK,RKS,9999
1.00198E+13,198,XK,0,1,2,1,2,1,2,1,1,0.405172586,0,1,5,5,5,5,5,5,6,XK,RKS,9999
1.00198E+13,198,XK,0,1,1,1,3,4,1,1,1,0.283894855,0,1,5,5,5,5,5,5,6,XK,RKS,9999
1.00198E+13,198,XK,0,1,1,2,3,4,2,3,0,0.35656187,0,1,5,5,5,5,5,5,6,XK,RKS,9999
1.00198E+13,198,XK,0,1,1,2,1,1,3,1,1,2.838948548,0,1,5,5,5,5,5,5,6,XK,RKS,9999
1.00198E+13,198,XK,0,1,2,1,3,1,2,1,1,0.303879439,0,1,5,5,5,5,5,5,6,XK,RKS,9999
1.00198E+13,198,XK,0,1,2,1,1,2,2,2,0,1.336696021,0,3,5,5,5,5,5,5,6,XK,RKS,9999
1.00198E+13,198,XK,0,1,1,1,1,3,3,3,1,2.838948548,0,1,5,5,5,5,5,5,6,XK,RKS,9999
1.00198E+13,198,XK,1,1,2,1,3,4,2,1,1,0.454069141,1,1,5,2,2,2,2,2,6,XK,RKS,9999
1.00198E+13,198,XK,0,1,1,2,1,1,3,3,1,0.617808573,0,1,5,5,5,5,5,5,6,XK,RKS,9999
1.00198E+13,198,XK,0,1,1,2,2,4,1,3,1,0.28668245,0,1,5,5,5,5,5,5,6,XK,RKS,9999
1.00198E+13,198,XK,0,1,1,2,1,3,1,3,0,0.602878775,0,1,5,5,5,5,5,5,6,XK,RKS,9999
1.00198E+13,198,XK,0,1,2,1,2,1,2,1,1,1.309475027,0,1,5,5,5,5,5,5,6,XK,RKS,9999
1.00198E+13,198,XK,0,1,1,2,2,4,2,1,1,1.277679558,0,1,5,5,5,5,5,5,6,XK,RKS,9999
1.00198E+13,198,XK,0,1,1,1,2,1,2,1,1,0.859673745,0,1,5,5,5,5,5,5,6,XK,RKS,9999
1.00198E+13,198,XK,0,1,1,1,2,1,3,1,1,0.462491991,0,1,5,5,5,5,5,5,6,XK,RKS,9999
1.00198E+13,198,XK,0,1,1,2,2,4,2,3,1,1.896992761,0,1,5,5,5,5,5,5,6,XK,RKS,9999
1.00198E+13,198,XK,1,1,1,1,3,3,1,1,1,0.756570457,1,1,5,1,1,2,1,1,6,XK,RKS,9999
1.00198E+13,198,XK,0,1,1,1,3,4,1,1,1,0.579294633,0,1,5,5,5,5,5,5,6,XK,RKS,9999
1.00198E+13,198,XK,0,2,1,2,1,1,2,3,1,0.959783729,0,2,5,5,5,5,5,5,6,XK,RKS,9999
1.00198E+13,198,XK,0,1,1,2,3,4,1,1,1,0.283894855,0,1,5,5,5,5,5,5,6,XK,RKS,9999
1.00198E+13,198,XK,0,1,1,2,1,4,3,3,1,0.92671286,0,1,5,5,5,5,5,5,6,XK,RKS,9999
1.00198E+13,198,XK,0,1,1,1,2,1,2,3,0,0.587465656,0,2,5,5,5,5,5,5,6,XK,RKS,9999
1.00198E+13,198,XK,0,1,1,2,3,4,2,1,1,0.283894855,0,1,5,5,5,5,5,5,6,XK,RKS,9999
1.00198E+13,198,XK,0,1,1,1,1,4,3,3,1,1.080795274,0,1,5,5,5,5,5,5,6,XK,RKS,9999
1.00198E+13,198,XK,0,1,2,2,1,4,3,3,1,0.617808573,0,1,5,5,5,5,5,5,6,XK,RKS,9999
1.00198E+13,198,XK,0,1,1,2,3,4,3,1,1,0.371786881,0,1,5,5,5,5,5,5,6,XK,RKS,9999
1.00198E+13,198,XK,0,1,2,1,2,1,2,1,1,0.417403756,0,1,5,5,5,5,5,5,6,XK,RKS,9999
1.00198E+13,198,XK,0,2,2,2,2,4,1,999,1,1.460886153,0,2,5,5,5,5,5,5,6,XK,RKS,9999
1.00198E+13,198,XK,0,1,1,2,2,4,2,3,1,0.584354461,0,1,5,5,5,5,5,5,6,XK,RKS,9999
1.00198E+13,198,XK,0,1,1,2,3,4,2,3,1,0.358353062,0,1,5,5,5,5,5,5,6,XK,RKS,9999
1.00198E+13,198,XK,0,1,2,1,2,1,3,3,0,1.836063478,0,2,5,5,5,5,5,5,6,XK,RKS,9999
1.00198E+13,198,XK,0,1,1,1,1,1,2,3,1,1.630430167,0,1,5,5,5,5,5,5,6,XK,RKS,9999
1.00198E+13,198,XK,1,1,1,1,2,1,1,3,0,1.114541254,0,1,5,5,5,5,5,5,6,XK,RKS,9999
1.00198E+13,198,XK,0,1,1,2,2,1,2,1,1,0.903303168,0,1,5,5,5,5,5,5,6,XK,RKS,9999
1.00198E+13,198,XK,0,1,1,2,3,1,1,3,1,0.430023675,0,1,5,5,5,5,5,5,6,XK,RKS,9999
1.00198E+13,198,XK,0,2,1,1,2,1,2,2,1,0.438772199,0,2,5,5,5,5,5,5,6,XK,RKS,9999
1.00198E+13,198,XK,0,1,1,2,2,1,3,3,0,0.330464432,0,1,5,5,5,5,5,5,6,XK,RKS,9999
1.00198E+13,198,XK,0,1,1,2,2,2,3,1,0,0.283894855,0,1,5,5,5,5,5,5,6,XK,RKS,9999
1.00198E+13,198,XK,1,1,1,2,2,4,1,3,1,0.283894855,1,1,2,2,2,2,2,2,6,XK,RKS,9999
1.00198E+13,198,XK,0,1,1,1,3,1,3,1,0,0.556538342,0,1,5,5,5,5,5,5,6,XK,RKS,9999
1.00198E+13,198,XK,0,1,1,2,2,4,3,3,0,2.454977561,0,1,5,5,5,5,5,5,6,XK,RKS,9999
1.00198E+13,198,XK,0,2,2,1,2,1,2,3,1,0.899843534,0,2,5,5,5,5,5,5,6,XK,RKS,9999
1.00198E+13,198,XK,0,1,1,2,1,1,2,1,1,0.602878775,0,1,5,5,5,5,5,5,6,XK,RKS,9999
1.00198E+13,198,XK,0,1,2,1,3,4,1,999,999,2.719100383,0,1,5,5,5,5,5,5,6,XK,RKS,9999
1.00198E+13,198,XK,1,1,1,2,2,1,2,3,0,0.43841685,0,1,5,5,5,5,5,5,6,XK,RKS,9999
1.00198E+13,198,XK,0,1,1,2,2,1,3,3,1,0.44977871,0,1,5,5,5,5,5,5,6,XK,RKS,9999
1.00198E+13,198,XK,0,1,1,1,1,2,3,3,0,1.080795274,0,2,5,5,5,5,5,5,6,XK,RKS,9999
1.00198E+13,198,XK,0,1,1,1,1,1,2,3,1,0.86463622,0,1,5,5,5,5,5,5,6,XK,RKS,9999
1.00198E+13,198,XK,0,1,1,1,2,2,3,3,1,0.899516588,0,1,5,5,5,5,5,5,6,XK,RKS,9999
1.00198E+13,198,XK,0,1,2,1,2,1,2,1,1,1.468664141,0,1,5,5,5,5,5,5,6,XK,RKS,9999
1.00198E+13,198,XK,0,1,1,1,2,1,3,1,0,0.654980877,0,1,5,5,5,5,5,5,6,XK,RKS,9999
1.00198E+13,198,XK,1,1,1,2,3,4,3,3,0,0.283894855,0,3,5,5,5,5,5,5,6,XK,RKS,9999
1.00198E+13,198,XK,0,1,1,2,2,4,3,1,1,2.212295067,0,1,5,5,5,5,5,5,6,XK,RKS,9999
1.00198E+13,198,XK,0,1,1,2,3,4,3,1,0,0.669806394,0,1,5,5,5,5,5,5,6,XK,RKS,9999
1.00198E+13,198,XK,0,1,2,1,2,1,1,1,1,1.964212541,0,1,5,5,5,5,5,5,6,XK,RKS,9999
1.00198E+13,198,XK,0,1,1,2,2,1,2,3,1,0.562223387,0,1,5,5,5,5,5,5,6,XK,RKS,9999
1.00198E+13,198,XK,0,1,2,2,1,1,2,3,1,0.768400647,0,1,5,5,5,5,5,5,6,XK,RKS,9999
1.00198E+13,198,XK,0,1,2,1,2,1,3,3,0,0.629474857,0,1,5,5,5,5,5,5,6,XK,RKS,9999
1.00198E+13,198,XK,0,3,2,2,3,1,2,1,1,0.283894855,0,3,5,5,5,5,5,5,6,XK,RKS,9999
1.00198E+13,198,XK,0,1,1,2,2,1,2,1,1,0.283894855,0,1,5,5,5,5,5,5,6,XK,RKS,9999
1.00198E+13,198,XK,0,1,1,1,3,4,1,1,1,0.839001177,0,1,5,5,5,5,5,5,6,XK,RKS,9999
1.00198E+13,198,XK,0,1,1,1,3,4,3,1,1,0.699167647,0,1,5,5,5,5,5,5,6,XK,RKS,9999
1.00198E+13,198,XK,0,1,2,2,1,4,3,3,1,0.627727229,0,1,5,5,5,5,5,5,6,XK,RKS,9999
1.00198E+13,198,XK,1,2,1,2,1,4,2,2,1,2.838948548,1,2,1,2,2,2,1,2,6,XK,RKS,9999
1.00198E+13,198,XK,1,1,1,2,2,4,1,3,0,1.368559455,1,1,1,1,2,2,2,2,6,XK,RKS,9999
1.00198E+13,198,XK,0,1,2,1,2,4,3,3,1,2.838948548,0,1,5,5,5,5,5,5,6,XK,RKS,9999
1.00198E+13,198,XK,0,1,2,1,2,1,3,3,1,2.589789736,0,1,5,5,5,5,5,5,6,XK,RKS,9999
1.00198E+13,198,XK,0,1,1,1,3,4,1,1,1,1.422251021,0,1,5,5,5,5,5,5,6,XK,RKS,9999
1.00198E+13,198,XK,0,1,1,2,1,1,3,3,1,0.582287009,0,1,5,5,5,5,5,5,6,XK,RKS,9999
1.00198E+13,198,XK,0,2,1,1,2,1,1,1,1,0.847028434,0,2,5,5,5,5,5,5,6,XK,RKS,9999
1.00198E+13,198,XK,0,1,1,1,2,1,2,1,1,0.885625194,0,1,5,5,5,5,5,5,6,XK,RKS,9999
1.00198E+13,198,XK,0,1,1,1,2,1,1,1,0,0.501522722,0,1,5,5,5,5,5,5,6,XK,RKS,9999
1.00198E+13,198,XK,0,1,1,1,1,1,3,1,1,0.685070314,0,1,5,5,5,5,5,5,6,XK,RKS,9999
1.00198E+13,198,XK,1,2,1,2,2,4,1,3,1,0.63985582,1,2,1,1,2,2,1,2,6,XK,RKS,9999
1.00198E+13,198,XK,2,1,2,2,2,4,2,3,1,2.838948548,2,1,5,5,5,5,5,5,6,XK,RKS,9999
1.00198E+13,198,XK,1,1,1,2,2,4,2,3,1,1.277679558,1,1,2,2,2,2,2,2,6,XK,RKS,9999
1.00198E+13,198,XK,0,1,1,2,2,4,3,1,1,0.838331238,0,1,5,5,5,5,5,5,6,XK,RKS,9999
1.00198E+13,198,XK,2,1,2,1,2,3,1,3,1,2.838948548,2,1,5,5,5,5,5,5,6,XK,RKS,9999
1.00198E+13,198,XK,1,1,1,1,2,4,1,1,1,2.818520943,1,1,5,1,2,2,2,2,6,XK,RKS,9999
1.00198E+13,198,XK,1,1,2,1,2,1,3,999,0,1.506725532,1,1,2,2,2,2,2,1,6,XK,RKS,9999
1.00198E+13,198,XK,2,1,1,2,3,4,1,1,1,1.257496858,2,1,5,5,5,5,5,5,6,XK,RKS,9999
1.00198E+13,198,XK,0,1,1,1,2,3,3,3,0,2.838948548,0,1,5,5,5,5,5,5,6,XK,RKS,9999
1.00198E+13,198,XK,1,1,1,1,3,3,1,1,1,0.616857184,1,1,5,1,2,2,1,1,6,XK,RKS,9999
1.00198E+13,198,XK,0,1,1,1,1,3,3,3,1,1.205380425,0,1,5,5,5,5,5,5,6,XK,RKS,9999
1.00198E+13,198,XK,0,1,1,1,1,1,3,3,0,0.472106142,0,1,5,5,5,5,5,5,6,XK,RKS,9999
1.00198E+13,198,XK,0,2,1,2,3,4,2,2,1,1.580827301,0,2,5,5,5,5,5,5,6,XK,RKS,9999
1.00198E+13,198,XK,0,1,1,2,2,4,3,3,1,1.769836054,0,1,5,5,5,5,5,5,6,XK,RKS,9999
1.00198E+13,198,XK,0,3,1,1,2,4,3,3,0,1.294094723,0,3,5,5,5,5,5,5,6,XK,RKS,9999
1.00198E+13,198,XK,0,1,1,1,3,4,1,1,1,1.359550192,0,1,5,5,5,5,5,5,6,XK,RKS,9999
1.00198E+13,198,XK,0,1,1,2,1,2,3,3,1,0.283894855,0,1,5,5,5,5,5,5,6,XK,RKS,9999
1.00198E+13,198,XK,0,1,1,2,3,4,2,3,1,1.368559455,0,1,5,5,5,5,5,5,6,XK,RKS,9999
1.00198E+13,198,XK,0,1,1,2,3,3,1,3,1,0.283894855,0,1,5,5,5,5,5,5,6,XK,RKS,9999
1.00198E+13,198,XK,0,1,1,2,2,1,2,3,1,0.922415924,0,1,5,5,5,5,5,5,6,XK,RKS,9999
1.00198E+13,198,XK,0,1,1,2,2,4,2,3,1,1.32737704,0,1,5,5,5,5,5,5,6,XK,RKS,9999
1.00198E+13,198,XK,0,1,1,1,1,3,2,3,1,0.899516588,0,1,5,5,5,5,5,5,6,XK,RKS,9999
1.00198E+13,198,XK,0,1,1,2,3,4,3,1,1,0.283894855,0,1,5,5,5,5,5,5,6,XK,RKS,9999
1.00198E+13,198,XK,0,1,1,1,3,4,3,1,1,0.283894855,0,1,5,5,5,5,5,5,6,XK,RKS,9999
1.00198E+13,198,XK,0,1,1,1,1,1,3,3,1,1.248395884,0,1,5,5,5,5,5,5,6,XK,RKS,9999
1.00198E+13,198,XK,0,1,1,1,3,4,2,1,1,0.694263612,0,1,5,5,5,5,5,5,6,XK,RKS,9999
1.00198E+13,198,XK,0,1,1,1,3,1,3,1,1,0.401218177,0,1,5,5,5,5,5,5,6,XK,RKS,9999
1.00198E+13,198,XK,0,1,1,2,3,4,2,1,1,0.837257993,0,1,5,5,5,5,5,5,6,XK,RKS,9999
1.00198E+13,198,XK,0,1,2,1,2,1,2,1,0,2.838948548,0,1,5,5,5,5,5,5,6,XK,RKS,9999
1.00198E+13,198,XK,0,1,1,2,2,4,2,3,1,0.283894855,0,1,5,5,5,5,5,5,6,XK,RKS,9999
1.00198E+13,198,XK,0,1,1,2,2,3,2,3,0,0.559413169,0,1,5,5,5,5,5,5,6,XK,RKS,9999
1.00198E+13,198,XK,0,2,1,2,3,3,2,3,1,0.283894855,0,2,5,5,5,5,5,5,6,XK,RKS,9999
1.00198E+13,198,XK,0,1,1,2,2,3,1,1,1,0.453920461,0,1,5,5,5,5,5,5,6,XK,RKS,9999
1.00198E+13,198,XK,0,1,1,2,2,1,2,3,1,0.708721822,0,1,5,5,5,5,5,5,6,XK,RKS,9999
1.00198E+13,198,XK,0,1,2,2,1,4,1,3,1,2.044035816,0,1,5,5,5,5,5,5,6,XK,RKS,9999
1.00198E+13,198,XK,0,1,1,1,1,3,1,3,1,0.9782581,0,1,5,5,5,5,5,5,6,XK,RKS,9999
1.00198E+13,198,XK,0,1,1,1,2,3,1,3,1,1.222973068,0,1,5,5,5,5,5,5,6,XK,RKS,9999
1.00198E+13,198,XK,0,1,1,1,3,4,3,3,1,1.960246794,0,1,5,5,5,5,5,5,6,XK,RKS,9999
1.00198E+13,198,XK,0,1,1,1,3,4,2,1,1,0.283894855,0,1,5,5,5,5,5,5,6,XK,RKS,9999
1.00198E+13,198,XK,0,1,1,1,1,1,3,1,1,1.080795274,0,1,5,5,5,5,5,5,6,XK,RKS,9999
1.00198E+13,198,XK,0,1,1,2,2,4,1,3,1,0.283894855,0,1,5,5,5,5,5,5,6,XK,RKS,9999
1.00198E+13,198,XK,0,1,2,1,3,4,1,1,1,0.365119962,0,1,5,5,5,5,5,5,6,XK,RKS,9999
1.00198E+13,198,XK,0,1,1,2,2,1,2,3,1,0.349372205,0,1,5,5,5,5,5,5,6,XK,RKS,9999
1.00198E+13,198,XK,0,1,2,2,2,2,1,3,1,1.753063384,0,1,5,5,5,5,5,5,6,XK,RKS,9999
1.00198E+13,198,XK,0,1,1,1,2,1,2,1,1,0.308327994,0,1,5,5,5,5,5,5,6,XK,RKS,9999
1.00198E+13,198,XK,0,1,1,1,2,1,1,1,1,1.058785542,0,1,5,5,5,5,5,5,6,XK,RKS,9999
1.00198E+13,198,XK,0,1,2,1,2,2,1,1,1,1.096930497,0,1,5,5,5,5,5,5,6,XK,RKS,9999
1.00198E+13,198,XK,0,1,2,1,3,2,2,1,1,0.292095969,0,1,5,5,5,5,5,5,6,XK,RKS,9999
1.00198E+13,198,XK,0,1,1,2,2,1,3,1,1,0.357596103,0,1,5,5,5,5,5,5,6,XK,RKS,9999
1.00198E+13,198,XK,0,1,1,2,2,1,2,1,1,0.358353062,0,1,5,5,5,5,5,5,6,XK,RKS,9999
1.00198E+13,198,XK,0,1,1,2,2,2,2,1,1,2.669880375,0,1,5,5,5,5,5,5,6,XK,RKS,9999
1.00198E+13,198,XK,0,1,1,2,1,4,3,1,1,0.608382848,0,1,5,5,5,5,5,5,6,XK,RKS,9999
1.00198E+13,198,XK,0,1,1,2,2,4,2,3,1,1.916519337,0,1,5,5,5,5,5,5,6,XK,RKS,9999
1.00198E+13,198,XK,1,1,2,1,2,1,2,1,0,2.838948548,1,1,5,2,2,1,2,1,6,XK,RKS,9999
1.00198E+13,198,XK,0,1,2,1,2,1,2,1,1,0.590416796,0,1,5,5,5,5,5,5,6,XK,RKS,9999
1.00198E+13,198,XK,0,1,1,2,3,4,2,1,1,1.264661841,0,1,5,5,5,5,5,5,6,XK,RKS,9999
1.00198E+13,198,XK,0,1,1,2,2,4,2,1,1,0.283894855,0,1,5,5,5,5,5,5,6,XK,RKS,9999
1.00198E+13,198,XK,1,1,1,2,2,4,3,3,1,0.283894855,1,1,1,2,2,2,2,2,6,XK,RKS,9999
1.00198E+13,198,XK,0,1,2,1,3,2,2,1,1,0.283894855,0,1,5,5,5,5,5,5,6,XK,RKS,9999
1.00198E+13,198,XK,0,1,1,1,1,1,3,1,1,1.205380425,0,1,5,5,5,5,5,5,6,XK,RKS,9999
1.00198E+13,198,XK,0,1,1,2,3,4,2,1,1,0.91237297,0,1,5,5,5,5,5,5,6,XK,RKS,9999
1.00198E+13,198,XK,0,1,1,2,3,3,2,3,0,0.358353062,0,1,5,5,5,5,5,5,6,XK,RKS,9999
1.00198E+13,198,XK,0,1,2,1,2,2,3,3,1,2.838948548,0,1,5,5,5,5,5,5,6,XK,RKS,9999
1.00198E+13,198,XK,0,1,1,2,2,3,1,1,1,0.358353062,0,1,5,5,5,5,5,5,6,XK,RKS,9999
1.00198E+13,198,XK,1,1,2,2,1,2,2,2,0,0.685113384,1,2,1,2,2,2,2,2,6,XK,RKS,9999
1.00198E+13,198,XK,0,1,2,1,2,4,1,1,1,1.72652649,0,1,5,5,5,5,5,5,6,XK,RKS,9999
1.00198E+13,198,XK,0,2,1,1,3,4,2,2,1,0.605256366,0,2,5,5,5,5,5,5,6,XK,RKS,9999
1.00198E+13,198,XK,0,1,1,2,2,4,2,3,0,1.162867246,0,2,5,5,5,5,5,5,6,XK,RKS,9999
1.00198E+13,198,XK,0,1,2,2,3,4,2,1,1,0.876531692,0,1,5,5,5,5,5,5,6,XK,RKS,9999
1.00198E+13,198,XK,0,1,1,1,3,1,3,1,1,0.545817398,0,1,5,5,5,5,5,5,6,XK,RKS,9999
1.00198E+13,198,XK,0,1,2,2,3,4,2,1,1,0.283894855,0,1,5,5,5,5,5,5,6,XK,RKS,9999
1.00198E+13,198,XK,0,3,1,2,2,4,2,1,1,0.515965625,0,3,5,5,5,5,5,5,6,XK,RKS,9999
1.00198E+13,198,XK,1,1,1,2,2,3,2,3,1,0.550774053,1,1,2,2,2,2,2,1,6,XK,RKS,9999
1.00198E+13,198,XK,0,1,1,1,1,1,3,3,1,1.814498183,0,1,5,5,5,5,5,5,6,XK,RKS,9999
1.00198E+13,198,XK,0,1,1,2,2,4,3,3,0,0.44536959,0,1,5,5,5,5,5,5,6,XK,RKS,9999
1.00198E+13,198,XK,0,1,1,1,3,4,1,1,1,0.400704531,0,1,5,5,5,5,5,5,6,XK,RKS,9999
1.00198E+13,198,XK,0,1,1,1,2,1,1,1,1,1.277781966,0,1,5,5,5,5,5,5,6,XK,RKS,9999
1.00198E+13,198,XK,0,1,1,2,2,1,2,3,1,0.61494395,0,1,5,5,5,5,5,5,6,XK,RKS,9999
1.00198E+13,198,XK,0,1,1,2,3,4,2,3,1,0.466885089,0,1,5,5,5,5,5,5,6,XK,RKS,9999
1.00198E+13,198,XK,0,1,1,2,1,1,3,3,1,0.553953401,0,1,5,5,5,5,5,5,6,XK,RKS,9999
1.00198E+13,198,XK,0,1,1,2,1,1,2,3,1,0.63985582,0,1,5,5,5,5,5,5,6,XK,RKS,9999
1.00198E+13,198,XK,0,1,1,2,2,2,2,3,1,0.335647901,0,1,5,5,5,5,5,5,6,XK,RKS,9999
1.00198E+13,198,XK,0,1,1,1,2,4,2,3,1,1.872593826,0,1,5,5,5,5,5,5,6,XK,RKS,9999
1.00198E+13,198,XK,0,1,1,2,3,4,3,3,1,1.753063384,0,1,5,5,5,5,5,5,6,XK,RKS,9999
1.00198E+13,198,XK,0,1,2,1,2,2,3,1,0,0.949592231,0,1,5,5,5,5,5,5,6,XK,RKS,9999
1.00198E+13,198,XK,0,1,1,1,2,1,2,1,1,1.762396969,0,1,5,5,5,5,5,5,6,XK,RKS,9999
1.00198E+13,198,XK,0,1,1,1,1,1,2,3,1,2.838948548,0,1,5,5,5,5,5,5,6,XK,RKS,9999
1.00198E+13,198,XK,0,1,1,1,3,1,2,1,1,0.303879439,0,1,5,5,5,5,5,5,6,XK,RKS,9999
1.00198E+13,198,XK,0,1,2,2,2,4,2,1,1,0.43668137,0,1,5,5,5,5,5,5,6,XK,RKS,9999
1.00198E+13,198,XK,0,1,1,2,2,4,1,1,1,1.896992761,0,1,5,5,5,5,5,5,6,XK,RKS,9999
1.00198E+13,198,XK,0,1,1,2,1,4,3,3,1,2.258283627,0,1,5,5,5,5,5,5,6,XK,RKS,9999
1.00198E+13,198,XK,0,1,1,1,3,4,3,1,1,0.283894855,0,1,5,5,5,5,5,5,6,XK,RKS,9999
1.00198E+13,198,XK,0,1,1,1,1,1,2,3,1,1.19935545,0,1,5,5,5,5,5,5,6,XK,RKS,9999
1.00198E+13,198,XK,0,1,1,1,2,1,1,1,1,1.630430167,0,1,5,5,5,5,5,5,6,XK,RKS,9999
1.00198E+13,198,XK,0,1,1,1,3,1,2,1,1,0.302628183,0,1,5,5,5,5,5,5,6,XK,RKS,9999
1.00198E+13,198,XK,0,1,1,2,2,4,3,3,0,1.513019643,0,2,5,5,5,5,5,5,6,XK,RKS,9999
1.00198E+13,198,XK,0,1,1,1,3,1,2,1,1,0.545817398,0,1,5,5,5,5,5,5,6,XK,RKS,9999
1.00198E+13,198,XK,0,1,1,1,3,4,3,1,1,0.81781648,0,1,5,5,5,5,5,5,6,XK,RKS,9999
1.00198E+13,198,XK,0,1,1,2,3,4,1,3,0,1.39365423,0,2,5,5,5,5,5,5,6,XK,RKS,9999
1.00198E+13,198,XK,0,1,1,2,2,2,2,3,1,0.283894855,0,1,5,5,5,5,5,5,6,XK,RKS,9999
1.00198E+13,198,XK,0,1,1,1,3,2,3,2,0,0.523313888,0,2,5,5,5,5,5,5,6,XK,RKS,9999
1.00198E+13,198,XK,1,1,1,2,2,4,1,3,0,1.84123317,0,1,5,5,5,5,5,5,6,XK,RKS,9999
1.00198E+13,198,XK,0,1,1,2,3,1,2,3,1,0.29691306,0,1,5,5,5,5,5,5,6,XK,RKS,9999
1.00198E+13,198,XK,0,1,1,1,2,1,2,3,1,0.648477165,0,1,5,5,5,5,5,5,6,XK,RKS,9999
1.00198E+13,198,XK,1,1,1,2,1,3,2,3,1,0.772260716,1,1,2,2,2,2,2,2,6,XK,RKS,9999
1.00198E+13,198,XK,0,1,1,1,3,1,3,1,1,0.283894855,0,1,5,5,5,5,5,5,6,XK,RKS,9999
1.00198E+13,198,XK,0,1,1,1,1,3,3,3,0,1.205380425,0,1,5,5,5,5,5,5,6,XK,RKS,9999
1.00198E+13,198,XK,0,1,1,2,3,4,2,1,1,0.94849638,0,1,5,5,5,5,5,5,6,XK,RKS,9999
1.00198E+13,198,XK,0,1,2,1,2,1,2,1,1,1.277781966,0,1,5,5,5,5,5,5,6,XK,RKS,9999
1.00198E+13,198,XK,2,1,1,2,2,4,1,1,1,0.283894855,2,1,5,5,5,5,5,5,6,XK,RKS,9999
1.00198E+13,198,XK,0,1,2,2,2,4,1,3,1,2.506921792,0,1,5,5,5,5,5,5,6,XK,RKS,9999
1.00198E+13,198,XK,0,1,1,2,3,4,2,3,1,1.210415715,0,1,5,5,5,5,5,5,6,XK,RKS,9999
1.00198E+13,198,XK,0,1,1,1,2,4,2,1,1,0.856337892,0,1,5,5,5,5,5,5,6,XK,RKS,9999
1.00198E+13,198,XK,0,2,1,2,2,2,2,1,1,2.838948548,0,2,5,5,5,5,5,5,6,XK,RKS,9999
1.00198E+13,198,XK,0,1,1,2,2,3,1,1,0,0.436927524,0,1,5,5,5,5,5,5,6,XK,RKS,9999
1.00198E+13,198,XK,0,1,1,2,2,4,2,3,1,1.453584058,0,1,5,5,5,5,5,5,6,XK,RKS,9999
1.00198E+13,198,XK,0,1,1,2,3,4,1,3,1,1.210415715,0,1,5,5,5,5,5,5,6,XK,RKS,9999
1.00198E+13,198,XK,0,1,1,1,2,1,2,3,1,0.921838305,0,1,5,5,5,5,5,5,6,XK,RKS,9999
1.00198E+13,198,XK,0,1,1,1,2,1,2,1,1,0.881198484,0,1,5,5,5,5,5,5,6,XK,RKS,9999
1.00198E+13,198,XK,0,1,2,2,1,3,2,1,1,0.784659037,0,1,5,5,5,5,5,5,6,XK,RKS,9999
1.00198E+13,198,XK,0,1,1,1,2,4,1,1,1,1.528716335,0,1,5,5,5,5,5,5,6,XK,RKS,9999
1.00198E+13,198,XK,0,1,2,2,2,4,1,3,1,0.283894855,0,1,5,5,5,5,5,5,6,XK,RKS,9999
1.00198E+13,198,XK,0,1,1,1,2,3,1,1,1,2.394901936,0,1,5,5,5,5,5,5,6,XK,RKS,9999
1.00198E+13,198,XK,0,1,1,2,2,4,1,3,1,2.838948548,0,1,5,5,5,5,5,5,6,XK,RKS,9999
1.00198E+13,198,XK,0,1,2,1,2,1,3,1,1,2.268821569,0,1,5,5,5,5,5,5,6,XK,RKS,9999
1.00198E+13,198,XK,0,1,1,1,3,4,1,1,1,0.436653918,0,1,5,5,5,5,5,5,6,XK,RKS,9999
1.00198E+13,198,XK,0,1,2,1,3,1,2,3,1,0.710392489,0,1,5,5,5,5,5,5,6,XK,RKS,9999
1.00198E+13,198,XK,0,1,1,2,2,1,2,1,1,0.429971354,0,1,5,5,5,5,5,5,6,XK,RKS,9999
1.00198E+13,198,XK,0,1,1,1,2,1,2,1,1,0.587465656,0,1,5,5,5,5,5,5,6,XK,RKS,9999
1.00198E+13,198,XK,2,1,1,1,2,2,1,1,0,0.712194173,2,1,5,5,5,5,5,5,6,XK,RKS,9999
1.00198E+13,198,XK,0,1,1,2,1,1,3,1,1,0.668531669,0,1,5,5,5,5,5,5,6,XK,RKS,9999
1.00198E+13,198,XK,0,1,1,1,2,1,3,3,0,1.499739223,0,1,5,5,5,5,5,5,6,XK,RKS,9999
1.00198E+13,198,XK,0,1,2,2,3,4,3,3,0,0.466885089,0,1,5,5,5,5,5,5,6,XK,RKS,9999
1.00198E+13,198,XK,0,1,1,2,2,2,2,3,1,2.838948548,0,1,5,5,5,5,5,5,6,XK,RKS,9999
1.00198E+13,198,XK,0,1,1,2,2,4,2,1,1,0.922415924,0,1,5,5,5,5,5,5,6,XK,RKS,9999
1.00198E+13,198,XK,0,1,1,1,3,4,3,1,1,2.838948548,0,1,5,5,5,5,5,5,6,XK,RKS,9999
1.00198E+13,198,XK,0,1,1,1,1,2,3,3,1,0.941001217,0,1,5,5,5,5,5,5,6,XK,RKS,9999
1.00198E+13,198,XK,1,1,1,1,2,1,2,3,1,0.856337892,1,1,2,1,2,2,2,2,6,XK,RKS,9999
1.00198E+13,198,XK,1,2,1,1,2,1,1,3,1,1.834459602,1,2,2,2,2,2,2,2,6,XK,RKS,9999
1.00198E+13,198,XK,0,1,1,1,2,1,3,1,1,0.460919152,0,1,5,5,5,5,5,5,6,XK,RKS,9999
1.00198E+13,198,XK,1,3,1,2,3,4,1,3,1,0.283894855,1,3,1,1,2,2,1,2,6,XK,RKS,9999
1.00198E+13,198,XK,0,1,1,1,2,4,3,1,0,0.644755308,0,1,5,5,5,5,5,5,6,XK,RKS,9999
1.00198E+13,198,XK,0,1,1,1,2,3,2,1,1,0.513802735,0,1,5,5,5,5,5,5,6,XK,RKS,9999
1.00198E+13,198,XK,0,1,1,2,2,1,3,1,1,0.61494395,0,1,5,5,5,5,5,5,6,XK,RKS,9999
1.00198E+13,198,XK,0,1,2,2,1,4,1,3,1,0.835664587,0,1,5,5,5,5,5,5,6,XK,RKS,9999
1.00198E+13,198,XK,0,1,1,2,2,1,3,3,1,0.283894855,0,1,5,5,5,5,5,5,6,XK,RKS,9999
1.00198E+13,198,XK,0,1,2,1,3,4,2,1,1,0.283894855,0,1,5,5,5,5,5,5,6,XK,RKS,9999
1.00198E+13,198,XK,1,1,1,2,1,4,2,3,1,0.553953401,1,1,2,2,2,2,2,2,6,XK,RKS,9999
1.00198E+13,198,XK,0,1,1,1,2,4,2,3,0,0.917229801,0,2,5,5,5,5,5,5,6,XK,RKS,9999
1.00198E+13,198,XK,1,1,1,1,1,2,2,3,1,0.941001217,1,1,2,2,2,1,2,1,6,XK,RKS,9999
1.00198E+13,198,XK,0,1,2,1,1,4,2,3,1,1.83709845,0,1,5,5,5,5,5,5,6,XK,RKS,9999
1.00198E+13,198,XK,0,1,2,2,2,4,3,3,1,0.36410627,0,1,5,5,5,5,5,5,6,XK,RKS,9999
1.00198E+13,198,XK,0,1,1,2,2,4,3,1,1,1.22748878,0,1,5,5,5,5,5,5,6,XK,RKS,9999
1.00198E+13,198,XK,1,1,2,2,1,3,2,1,1,0.44977871,1,1,5,2,2,2,2,2,6,XK,RKS,9999
1.00198E+13,198,XK,1,1,1,2,1,3,2,3,0,0.553953401,0,1,5,5,5,5,5,5,6,XK,RKS,9999
1.00198E+13,198,XK,0,1,1,2,2,4,1,1,1,2.467310167,0,1,5,5,5,5,5,5,6,XK,RKS,9999
1.00198E+13,198,XK,0,1,1,1,2,1,3,1,1,0.908860631,0,1,5,5,5,5,5,5,6,XK,RKS,9999
1.00198E+13,198,XK,0,1,1,1,3,4,2,1,1,0.283894855,0,1,5,5,5,5,5,5,6,XK,RKS,9999
1.00198E+13,198,XK,0,1,1,2,2,2,2,3,1,0.438909476,0,1,5,5,5,5,5,5,6,XK,RKS,9999
1.00198E+13,198,XK,0,1,1,2,2,4,3,1,1,0.283894855,0,1,5,5,5,5,5,5,6,XK,RKS,9999
1.00198E+13,198,XK,0,1,1,2,1,2,3,1,1,0.72345453,0,1,5,5,5,5,5,5,6,XK,RKS,9999
1.00198E+13,198,XK,0,1,1,2,3,1,3,3,1,0.283894855,0,1,5,5,5,5,5,5,6,XK,RKS,9999
1.00198E+13,198,XK,0,1,1,2,3,4,3,3,1,0.283894855,0,1,5,5,5,5,5,5,6,XK,RKS,9999
1.00198E+13,198,XK,0,1,1,1,1,1,2,3,1,0.648477165,0,1,5,5,5,5,5,5,6,XK,RKS,9999
1.00198E+13,198,XK,0,1,1,1,2,4,2,3,0,0.685070314,0,1,5,5,5,5,5,5,6,XK,RKS,9999
1.00198E+13,198,XK,0,1,1,2,2,4,2,3,1,0.430023675,0,1,5,5,5,5,5,5,6,XK,RKS,9999
1.00198E+13,198,XK,0,2,1,2,2,3,1,2,1,0.61494395,0,2,5,5,5,5,5,5,6,XK,RKS,9999
1.00198E+13,198,XK,1,2,1,2,2,3,2,3,1,0.92671286,1,2,2,2,2,2,2,2,6,XK,RKS,9999
1.00198E+13,198,XK,0,1,1,2,2,2,2,1,1,0.308904287,0,1,5,5,5,5,5,5,6,XK,RKS,9999
1.00198E+13,198,XK,0,1,1,2,3,4,2,3,1,1.208866121,0,1,5,5,5,5,5,5,6,XK,RKS,9999
1.00198E+13,198,XK,0,1,1,1,3,4,3,3,0,0.283894855,0,1,5,5,5,5,5,5,6,XK,RKS,9999
1.00198E+13,198,XK,0,3,2,2,2,4,3,1,1,0.941590844,0,3,5,5,5,5,5,5,6,XK,RKS,9999
1.00198E+13,198,XK,0,1,2,2,1,4,3,3,1,0.784659037,0,1,5,5,5,5,5,5,6,XK,RKS,9999
1.00198E+13,198,XK,0,1,1,2,3,4,2,1,1,0.283894855,0,1,5,5,5,5,5,5,6,XK,RKS,9999
1.00198E+13,198,XK,0,2,2,2,3,4,3,3,1,0.669806394,0,2,5,5,5,5,5,5,6,XK,RKS,9999
1.00198E+13,198,XK,0,1,1,1,2,1,3,3,1,1.248395884,0,1,5,5,5,5,5,5,6,XK,RKS,9999
1.00198E+13,198,XK,0,1,1,1,3,1,2,1,0,0.839001177,0,1,5,5,5,5,5,5,6,XK,RKS,9999
1.00198E+13,198,XK,0,1,2,1,3,4,2,1,1,0.440640417,0,1,5,5,5,5,5,5,6,XK,RKS,9999
1.00198E+13,198,XK,2,1,1,2,2,2,3,3,1,0.456343273,2,1,5,5,5,5,5,5,6,XK,RKS,9999
1.00198E+13,198,XK,1,1,1,2,1,3,3,2,0,0.617808573,1,1,1,2,2,2,2,2,6,XK,RKS,9999
1.00198E+13,198,XK,0,1,1,2,2,1,2,1,1,0.683301167,0,1,5,5,5,5,5,5,6,XK,RKS,9999
1.00198E+13,198,XK,0,3,1,1,2,2,2,3,999,0.647047362,0,3,5,5,5,5,5,5,6,XK,RKS,9999
1.00198E+13,198,XK,0,1,1,2,2,4,3,1,1,0.283894855,0,1,5,5,5,5,5,5,6,XK,RKS,9999
1.00198E+13,198,XK,0,2,1,1,3,4,3,999,1,0.283894855,0,2,5,5,5,5,5,5,6,XK,RKS,9999
1.00198E+13,198,XK,0,1,1,1,3,4,2,1,1,0.330480312,0,1,5,5,5,5,5,5,6,XK,RKS,9999
1.00198E+13,198,XK,1,2,1,2,2,4,1,3,1,2.838948548,1,2,2,2,2,2,2,1,6,XK,RKS,9999
1.00198E+13,198,XK,0,1,1,1,2,3,1,1,1,1.174931312,0,1,5,5,5,5,5,5,6,XK,RKS,9999
1.00198E+13,198,XK,0,1,1,1,2,1,3,3,1,0.429836872,0,1,5,5,5,5,5,5,6,XK,RKS,9999
1.00198E+13,198,XK,0,1,1,2,3,4,2,3,1,0.46455141,0,1,5,5,5,5,5,5,6,XK,RKS,9999
1.00198E+13,198,XK,0,1,1,1,1,1,3,3,1,0.941001217,0,1,5,5,5,5,5,5,6,XK,RKS,9999
1.00198E+13,198,XK,0,1,1,1,3,4,2,1,1,1.415140827,0,1,5,5,5,5,5,5,6,XK,RKS,9999
1.00198E+13,198,XK,0,1,1,2,2,1,2,1,1,1.84123317,0,1,5,5,5,5,5,5,6,XK,RKS,9999
1.00198E+13,198,XK,0,1,1,2,3,4,1,3,1,0.46455141,0,1,5,5,5,5,5,5,6,XK,RKS,9999
1.00198E+13,198,XK,0,1,1,2,2,3,2,1,1,0.461207962,0,1,5,5,5,5,5,5,6,XK,RKS,9999
1.00198E+13,198,XK,0,1,1,1,2,1,1,3,0,1.468664141,0,1,5,5,5,5,5,5,6,XK,RKS,9999
1.00198E+13,198,XK,0,1,1,1,1,4,2,1,1,1.176251521,0,1,5,5,5,5,5,5,6,XK,RKS,9999
1.00198E+13,198,XK,0,1,1,2,2,4,2,3,1,0.799819775,0,1,5,5,5,5,5,5,6,XK,RKS,9999
1.00198E+13,198,XK,0,1,1,2,3,4,3,3,1,0.890604039,0,1,5,5,5,5,5,5,6,XK,RKS,9999
1.00198E+13,198,XK,1,1,1,2,3,4,2,3,1,0.584354461,1,1,2,2,1,2,2,2,6,XK,RKS,9999
1.00198E+13,198,XK,0,1,1,1,2,2,3,1,1,1.476041991,0,1,5,5,5,5,5,5,6,XK,RKS,9999
1.00198E+13,198,XK,0,1,1,2,3,4,2,3,0,1.74430087,0,1,5,5,5,5,5,5,6,XK,RKS,9999
1.00198E+13,198,XK,0,1,2,2,2,4,3,3,1,1.880191344,0,1,5,5,5,5,5,5,6,XK,RKS,9999
1.00198E+13,198,XK,0,1,2,1,2,1,3,3,1,0.710392489,0,1,5,5,5,5,5,5,6,XK,RKS,9999
1.00198E+13,198,XK,0,1,2,2,3,4,2,3,1,0.711571098,0,1,5,5,5,5,5,5,6,XK,RKS,9999
1.00198E+13,198,XK,0,1,1,1,2,1,3,2,0,0.930254368,0,1,5,5,5,5,5,5,6,XK,RKS,9999
1.00198E+13,198,XK,0,1,1,2,2,4,3,3,1,2.506921792,0,1,5,5,5,5,5,5,6,XK,RKS,9999
1.00198E+13,198,XK,0,1,1,1,3,4,3,1,1,0.71112551,0,1,5,5,5,5,5,5,6,XK,RKS,9999
1.00198E+13,198,XK,0,1,2,2,3,4,2,3,1,0.283894855,0,1,5,5,5,5,5,5,6,XK,RKS,9999
1.00198E+13,198,XK,0,1,1,1,1,4,1,1,1,0.685070314,0,1,5,5,5,5,5,5,6,XK,RKS,9999
1.00198E+13,198,XK,0,1,1,2,3,4,3,3,1,0.335705469,0,1,5,5,5,5,5,5,6,XK,RKS,9999
1.00198E+13,198,XK,0,1,1,2,1,4,3,3,0,0.674668064,0,1,5,5,5,5,5,5,6,XK,RKS,9999
1.00198E+13,198,XK,0,1,1,2,3,4,2,1,0,0.92910282,0,1,5,5,5,5,5,5,6,XK,RKS,9999
1.00198E+13,198,XK,0,1,1,2,2,4,1,1,1,0.301101056,0,1,5,5,5,5,5,5,6,XK,RKS,9999
1.00198E+13,198,XK,2,2,1,2,2,4,3,3,1,1.806626902,2,2,5,5,5,5,5,5,6,XK,RKS,9999
1.00198E+13,198,XK,0,1,1,1,2,1,2,1,1,0.503339458,0,1,5,5,5,5,5,5,6,XK,RKS,9999
1.00198E+13,198,XK,0,1,2,2,2,4,1,3,1,1.334940188,0,1,5,5,5,5,5,5,6,XK,RKS,9999
1.00198E+13,198,XK,0,1,1,1,2,1,2,1,1,1.476041991,0,1,5,5,5,5,5,5,6,XK,RKS,9999
1.00198E+13,198,XK,0,1,1,2,1,4,2,3,1,0.602878775,0,1,5,5,5,5,5,5,6,XK,RKS,9999
1.00198E+13,198,XK,0,1,2,2,2,4,2,3,1,0.61494395,0,1,5,5,5,5,5,5,6,XK,RKS,9999
1.00198E+13,198,XK,0,1,1,1,3,4,3,1,1,1.422251021,0,1,5,5,5,5,5,5,6,XK,RKS,9999
1.00198E+13,198,XK,0,1,1,1,3,4,1,1,1,0.483585205,0,1,5,5,5,5,5,5,6,XK,RKS,9999
1.00198E+13,198,XK,0,1,2,1,2,4,2,1,0,0.638890983,0,1,5,5,5,5,5,5,6,XK,RKS,9999
1.00198E+13,198,XK,0,1,1,2,2,3,2,1,1,2.454977561,0,1,5,5,5,5,5,5,6,XK,RKS,9999
1.00198E+13,198,XK,0,1,1,2,2,4,1,3,0,0.92671286,0,1,5,5,5,5,5,5,6,XK,RKS,9999
1.00198E+13,198,XK,0,1,1,2,1,4,2,3,1,0.332372041,0,1,5,5,5,5,5,5,6,XK,RKS,9999
1.00198E+13,198,XK,0,1,2,1,1,3,2,3,1,0.918549225,0,1,5,5,5,5,5,5,6,XK,RKS,9999
1.00198E+13,198,XK,0,1,2,2,2,4,2,1,1,0.30261364,0,1,5,5,5,5,5,5,6,XK,RKS,9999
1.00198E+13,198,XK,0,1,1,2,2,1,3,1,1,0.684514909,0,1,5,5,5,5,5,5,6,XK,RKS,9999
1.00198E+13,198,XK,0,1,1,1,3,4,3,1,0,0.558618049,0,1,5,5,5,5,5,5,6,XK,RKS,9999
1.00198E+13,198,XK,0,1,1,1,3,4,1,1,1,0.681103712,0,1,5,5,5,5,5,5,6,XK,RKS,9999
1.00198E+13,198,XK,0,1,1,2,2,4,1,3,1,0.337334032,0,1,5,5,5,5,5,5,6,XK,RKS,9999
1.00198E+13,198,XK,0,1,1,2,3,2,3,3,0,0.593736026,0,1,5,5,5,5,5,5,6,XK,RKS,9999
1.00198E+13,198,XK,0,1,1,1,3,1,3,1,1,0.40668666,0,1,5,5,5,5,5,5,6,XK,RKS,9999
1.00198E+13,198,XK,0,1,1,1,1,2,2,1,1,1.296954329,0,1,5,5,5,5,5,5,6,XK,RKS,9999
1.00198E+13,198,XK,2,1,1,2,2,1,3,3,0,0.456343273,0,1,5,5,5,5,5,5,6,XK,RKS,9999
1.00198E+13,198,XK,0,1,1,2,2,4,1,1,1,0.91237297,0,1,5,5,5,5,5,5,6,XK,RKS,9999
1.00198E+13,198,XK,0,1,2,1,3,4,2,3,1,2.719100383,0,1,5,5,5,5,5,5,6,XK,RKS,9999
1.00198E+13,198,XK,0,1,1,1,2,1,3,1,1,0.413745527,0,1,5,5,5,5,5,5,6,XK,RKS,9999
1.00198E+13,198,XK,0,1,1,2,2,4,2,1,1,1.277679558,0,1,5,5,5,5,5,5,6,XK,RKS,9999
1.00198E+13,198,XK,0,1,1,1,2,3,1,999,1,2.838948548,0,1,5,5,5,5,5,5,6,XK,RKS,9999
1.00198E+13,198,XK,0,1,1,2,2,1,2,1,1,2.838948548,0,1,5,5,5,5,5,5,6,XK,RKS,9999
1.00198E+13,198,XK,1,2,1,1,3,3,1,999,1,1.158413487,1,2,1,2,2,1,1,2,6,XK,RKS,9999
1.00198E+13,198,XK,1,1,1,1,1,2,2,3,1,2.838948548,1,1,2,2,2,2,1,2,6,XK,RKS,9999
1.00198E+13,198,XK,0,1,2,1,2,4,2,1,1,0.918549225,0,1,5,5,5,5,5,5,6,XK,RKS,9999
1.00198E+13,198,XK,0,1,2,1,2,4,2,3,1,1.530915375,0,1,5,5,5,5,5,5,6,XK,RKS,9999
1.00198E+13,198,XK,0,1,1,2,2,4,2,1,1,1.277679558,0,1,5,5,5,5,5,5,6,XK,RKS,9999
1.00198E+13,198,XK,0,1,2,2,2,2,2,1,0,0.453920461,0,1,5,5,5,5,5,5,6,XK,RKS,9999
1.00198E+13,198,XK,0,1,1,1,3,1,3,1,1,1.635632959,0,1,5,5,5,5,5,5,6,XK,RKS,9999
1.00198E+13,198,XK,0,1,1,2,2,1,2,1,0,0.456343273,0,1,5,5,5,5,5,5,6,XK,RKS,9999
1.00198E+13,198,XK,0,1,1,2,1,3,2,3,1,0.63985582,0,1,5,5,5,5,5,5,6,XK,RKS,9999
1.00198E+13,198,XK,0,1,1,1,1,1,3,3,1,0.474796115,0,1,5,5,5,5,5,5,6,XK,RKS,9999
1.00198E+13,198,XK,0,1,2,2,3,4,1,3,1,0.283894855,0,1,5,5,5,5,5,5,6,XK,RKS,9999
1.00198E+13,198,XK,0,1,1,2,1,4,3,3,1,0.562223387,0,1,5,5,5,5,5,5,6,XK,RKS,9999
1.00198E+13,198,XK,0,1,1,2,3,4,1,3,0,1.093445922,0,1,5,5,5,5,5,5,6,XK,RKS,9999
1.00198E+13,198,XK,0,1,2,2,3,4,1,1,1,0.283894855,0,1,5,5,5,5,5,5,6,XK,RKS,9999
1.00198E+13,198,XK,0,1,1,1,3,4,3,1,999,0.336362335,0,1,5,5,5,5,5,5,6,XK,RKS,9999
1.00198E+13,198,XK,0,1,1,1,3,2,2,1,1,0.330480312,0,1,5,5,5,5,5,5,6,XK,RKS,9999
1.00198E+13,198,XK,0,1,2,1,2,1,2,1,1,2.406932752,0,1,5,5,5,5,5,5,6,XK,RKS,9999
1.00198E+13,198,XK,0,2,1,2,3,4,2,2,1,1.264661841,0,2,5,5,5,5,5,5,6,XK,RKS,9999
1.00198E+13,198,XK,0,1,1,1,1,4,3,3,0,1.808070638,0,1,5,5,5,5,5,5,6,XK,RKS,9999
1.00198E+13,198,XK,1,1,2,2,1,1,3,3,1,0.283894855,1,1,2,2,2,2,1,2,6,XK,RKS,9999
1.00198E+13,198,XK,1,1,1,1,2,2,3,999,0,0.43231811,1,1,1,2,2,2,2,2,6,XK,RKS,9999
1.00198E+13,198,XK,0,1,2,2,2,1,2,3,1,0.397392477,0,1,5,5,5,5,5,5,6,XK,RKS,9999
1.00198E+13,198,XK,0,1,1,1,3,2,2,1,0,0.453942274,0,1,5,5,5,5,5,5,6,XK,RKS,9999
1.00198E+13,198,XK,0,1,1,2,2,4,2,3,1,0.491188074,0,1,5,5,5,5,5,5,6,XK,RKS,9999
1.00198E+13,198,XK,0,1,1,2,2,4,3,3,1,1.187472052,0,1,5,5,5,5,5,5,6,XK,RKS,9999
1.00198E+13,198,XK,0,1,1,1,2,1,1,1,1,0.917229801,0,1,5,5,5,5,5,5,6,XK,RKS,9999
1.00198E+13,198,XK,0,1,1,1,2,1,3,3,0,1.176251521,0,1,5,5,5,5,5,5,6,XK,RKS,9999
1.00198E+13,198,XK,0,1,1,1,3,4,2,1,0,0.40668666,0,1,5,5,5,5,5,5,6,XK,RKS,9999
1.00198E+13,198,XK,0,1,1,2,1,1,3,3,999,1.806626902,0,1,5,5,5,5,5,5,6,XK,RKS,9999
1.00198E+13,198,XK,0,1,1,1,2,4,2,1,1,0.635271325,0,1,5,5,5,5,5,5,6,XK,RKS,9999
1.00198E+13,198,XK,0,1,1,2,2,4,2,3,1,1.513019643,0,1,5,5,5,5,5,5,6,XK,RKS,9999
1.00198E+13,198,XK,0,1,1,1,2,2,1,1,1,0.638890983,0,1,5,5,5,5,5,5,6,XK,RKS,9999
1.00198E+13,198,XK,0,1,1,2,2,4,3,3,1,0.628748429,0,1,5,5,5,5,5,5,6,XK,RKS,9999
1.00198E+13,198,XK,0,1,1,1,2,1,1,1,1,1.180833593,0,1,5,5,5,5,5,5,6,XK,RKS,9999
1.00198E+13,198,XK,0,1,1,1,2,1,1,1,1,2.838948548,0,1,5,5,5,5,5,5,6,XK,RKS,9999
1.00198E+13,198,XK,0,1,2,2,2,4,2,3,0,2.709940353,0,1,5,5,5,5,5,5,6,XK,RKS,9999
1.00198E+13,198,XK,0,1,1,2,2,4,1,3,1,1.580827301,0,1,5,5,5,5,5,5,6,XK,RKS,9999
1.00198E+13,198,XK,0,1,1,2,2,4,2,1,1,0.81864679,0,1,5,5,5,5,5,5,6,XK,RKS,9999
1.00198E+13,198,XK,0,1,1,2,2,1,3,3,1,0.351127581,0,1,5,5,5,5,5,5,6,XK,RKS,9999
1.00198E+13,198,XK,0,1,1,2,3,4,1,3,0,0.725319672,0,1,5,5,5,5,5,5,6,XK,RKS,9999
1.00198E+13,198,XK,1,1,1,2,1,1,2,3,1,0.351127581,1,1,1,1,2,2,2,2,6,XK,RKS,9999
1.00198E+13,198,XK,0,1,1,1,3,1,2,1,0,0.556538342,0,1,5,5,5,5,5,5,6,XK,RKS,9999
1.00198E+13,198,XK,0,1,1,2,2,1,2,3,1,1.233655083,0,1,5,5,5,5,5,5,6,XK,RKS,9999
1.00198E+13,198,XK,0,1,1,1,2,3,2,1,1,0.685070314,0,1,5,5,5,5,5,5,6,XK,RKS,9999
1.00198E+13,198,XK,0,1,2,2,1,4,3,3,1,0.627727229,0,1,5,5,5,5,5,5,6,XK,RKS,9999
1.00198E+13,198,XK,0,1,2,2,1,4,3,3,1,0.92671286,0,1,5,5,5,5,5,5,6,XK,RKS,9999
1.00198E+13,198,XK,0,1,1,2,3,4,1,3,1,0.837257993,0,1,5,5,5,5,5,5,6,XK,RKS,9999
1.00198E+13,198,XK,0,1,1,1,2,4,3,1,1,0.691378728,0,1,5,5,5,5,5,5,6,XK,RKS,9999
1.00198E+13,198,XK,0,1,1,2,3,4,3,3,0,0.290716812,0,1,5,5,5,5,5,5,6,XK,RKS,9999
1.00198E+13,198,XK,0,1,2,1,3,4,1,1,0,0.699167647,0,1,5,5,5,5,5,5,6,XK,RKS,9999
1.00198E+13,198,XK,0,1,2,1,2,1,2,1,0,1.296954329,0,1,5,5,5,5,5,5,6,XK,RKS,9999
1.00198E+13,198,XK,0,1,1,2,2,4,3,3,0,0.605227281,0,1,5,5,5,5,5,5,6,XK,RKS,9999
1.00198E+13,198,XK,0,1,1,2,1,4,3,3,1,0.332372041,0,1,5,5,5,5,5,5,6,XK,RKS,9999
1.00198E+13,198,XK,0,1,1,2,3,4,1,3,1,1.896992761,0,1,5,5,5,5,5,5,6,XK,RKS,9999
1.00198E+13,198,XK,0,1,1,1,3,4,3,1,1,2.838948548,0,1,5,5,5,5,5,5,6,XK,RKS,9999
1.00198E+13,198,XK,0,1,1,2,2,4,2,3,0,2.407685803,0,1,5,5,5,5,5,5,6,XK,RKS,9999
1.00198E+13,198,XK,0,1,2,2,1,4,2,3,1,0.456999717,0,1,5,5,5,5,5,5,6,XK,RKS,9999
1.00198E+13,198,XK,0,1,1,2,2,4,2,1,0,0.884918027,0,1,5,5,5,5,5,5,6,XK,RKS,9999
1.00198E+13,198,XK,0,1,1,2,1,4,2,1,1,0.48230302,0,1,5,5,5,5,5,5,6,XK,RKS,9999
1.00198E+13,198,XK,0,2,1,2,2,4,2,2,1,0.470119161,0,2,5,5,5,5,5,5,6,XK,RKS,9999
1.00198E+13,198,XK,0,1,1,1,3,4,1,1,1,0.559334118,0,1,5,5,5,5,5,5,6,XK,RKS,9999
1.00198E+13,198,XK,0,1,2,2,3,4,1,3,1,1.484340065,0,1,5,5,5,5,5,5,6,XK,RKS,9999
1.00198E+13,198,XK,0,1,1,2,1,4,2,3,1,2.838948548,0,1,5,5,5,5,5,5,6,XK,RKS,9999
1.00198E+13,198,XK,0,1,1,1,2,3,2,1,1,0.685070314,0,1,5,5,5,5,5,5,6,XK,RKS,9999
1.00198E+13,198,XK,0,1,1,2,3,4,2,1,1,0.283894855,0,1,5,5,5,5,5,5,6,XK,RKS,9999
1.00198E+13,198,XK,0,1,1,2,3,4,3,3,1,0.933770178,0,1,5,5,5,5,5,5,6,XK,RKS,9999
1.00198E+13,198,XK,1,2,1,2,3,4,1,1,1,0.283894855,1,2,5,1,2,2,1,2,6,XK,RKS,9999
1.00198E+13,198,XK,0,1,1,2,2,1,3,3,1,0.526691372,0,1,5,5,5,5,5,5,6,XK,RKS,9999
1.00198E+13,198,XK,1,1,1,1,3,1,2,1,0,0.436653918,0,1,5,5,5,5,5,5,6,XK,RKS,9999
1.00198E+13,198,XK,2,3,1,2,3,4,3,1,1,0.63233092,2,3,5,5,5,5,5,5,6,XK,RKS,9999
1.00198E+13,198,XK,0,1,1,1,3,4,2,1,1,0.480845437,0,1,5,5,5,5,5,5,6,XK,RKS,9999
1.00198E+13,198,XK,0,1,1,1,2,1,2,1,1,0.587465656,0,1,5,5,5,5,5,5,6,XK,RKS,9999
1.00198E+13,198,XK,0,1,1,2,3,4,2,3,1,0.967092897,0,1,5,5,5,5,5,5,6,XK,RKS,9999
1.00198E+13,198,XK,0,1,1,1,3,4,2,1,0,0.681103712,0,1,5,5,5,5,5,5,6,XK,RKS,9999
1.00198E+13,198,XK,0,1,1,2,3,1,2,1,1,0.283894855,0,1,5,5,5,5,5,5,6,XK,RKS,9999
1.00198E+13,198,XK,0,1,1,1,2,2,2,1,1,0.302628183,0,1,5,5,5,5,5,5,6,XK,RKS,9999
1.00198E+13,198,XK,0,1,1,1,1,3,1,1,1,1.176251521,0,1,5,5,5,5,5,5,6,XK,RKS,9999
1.00198E+13,198,XK,0,1,1,2,3,4,2,3,1,1.185951831,0,1,5,5,5,5,5,5,6,XK,RKS,9999
1.00198E+13,198,XK,0,1,1,2,2,4,3,3,1,0.361727265,0,1,5,5,5,5,5,5,6,XK,RKS,9999
1.00198E+13,198,XK,0,1,1,1,3,4,3,3,1,0.283894855,0,1,5,5,5,5,5,5,6,XK,RKS,9999
1.00198E+13,198,XK,1,1,1,1,2,1,999,2,1,0.429836872,1,1,1,2,2,3,1,2,6,XK,RKS,9999
1.00198E+13,198,XK,0,1,1,2,3,4,3,1,1,1.264661841,0,1,5,5,5,5,5,5,6,XK,RKS,9999
1.00198E+13,198,XK,0,1,2,2,2,4,1,3,1,0.307471975,0,1,5,5,5,5,5,5,6,XK,RKS,9999
1.00198E+13,198,XK,0,1,1,1,2,4,3,1,1,0.856337892,0,1,5,5,5,5,5,5,6,XK,RKS,9999
1.00198E+13,198,XK,0,1,1,1,3,1,2,1,1,0.907884548,0,1,5,5,5,5,5,5,6,XK,RKS,9999
1.00198E+13,198,XK,0,1,1,2,2,1,2,3,1,0.30261364,0,1,5,5,5,5,5,5,6,XK,RKS,9999
1.00198E+13,198,XK,0,1,1,2,2,4,3,2,1,0.308904287,0,1,5,5,5,5,5,5,6,XK,RKS,9999
1.00198E+13,198,XK,0,1,1,2,2,4,2,3,1,0.783531936,0,1,5,5,5,5,5,5,6,XK,RKS,9999
1.00198E+13,198,XK,0,1,2,1,3,4,2,1,1,2.719100383,0,1,5,5,5,5,5,5,6,XK,RKS,9999
1.00198E+13,198,XK,0,1,2,1,2,4,2,1,0,0.417403756,0,1,5,5,5,5,5,5,6,XK,RKS,9999
1.00198E+13,198,XK,0,1,1,1,2,3,3,3,1,1.248395884,0,1,5,5,5,5,5,5,6,XK,RKS,9999
1.00198E+13,198,XK,0,1,1,1,2,1,3,3,0,0.877544398,0,1,5,5,5,5,5,5,6,XK,RKS,9999
1.00198E+13,198,XK,0,1,1,2,2,4,2,1,1,0.963074321,0,1,5,5,5,5,5,5,6,XK,RKS,9999
1.00198E+13,198,XK,0,1,1,2,2,4,1,3,1,0.313412774,0,1,5,5,5,5,5,5,6,XK,RKS,9999
1.00198E+13,198,XK,0,1,1,2,2,4,1,1,1,0.884918027,0,1,5,5,5,5,5,5,6,XK,RKS,9999
1.00198E+13,198,XK,1,1,1,1,3,2,2,1,1,0.283894855,1,1,5,2,2,2,1,2,6,XK,RKS,9999
1.00198E+13,198,XK,0,1,1,2,2,4,3,3,1,0.313863615,0,1,5,5,5,5,5,5,6,XK,RKS,9999
1.00198E+13,198,XK,0,1,1,2,2,1,1,2,1,0.283894855,0,1,5,5,5,5,5,5,6,XK,RKS,9999
1.00198E+13,198,XK,0,1,1,2,2,4,2,3,0,1.210415715,0,1,5,5,5,5,5,5,6,XK,RKS,9999
1.00198E+13,198,XK,0,1,1,2,2,4,3,3,1,0.351127581,0,1,5,5,5,5,5,5,6,XK,RKS,9999
1.00198E+13,198,XK,1,1,1,2,1,2,2,2,1,0.772260716,1,1,2,2,2,2,2,2,6,XK,RKS,9999
1.00198E+13,198,XK,0,1,1,2,2,2,2,999,0,0.550774053,0,1,5,5,5,5,5,5,6,XK,RKS,9999
1.00198E+13,198,XK,1,1,1,2,2,4,2,3,1,1.047914048,1,1,2,2,2,2,2,2,6,XK,RKS,9999
1.00198E+13,198,XK,1,1,1,2,2,2,1,1,1,0.91237297,1,1,5,1,1,2,1,2,6,XK,RKS,9999
1.00198E+13,198,XK,0,1,1,1,3,4,1,1,1,0.724118291,0,1,5,5,5,5,5,5,6,XK,RKS,9999
1.00198E+13,198,XK,0,1,2,1,2,2,2,1,1,1.798673172,0,1,5,5,5,5,5,5,6,XK,RKS,9999
1.00198E+13,198,XK,0,1,1,2,2,4,1,3,1,0.708721822,0,1,5,5,5,5,5,5,6,XK,RKS,9999
1.00198E+13,198,XK,0,1,1,2,2,4,2,1,1,0.602202112,0,1,5,5,5,5,5,5,6,XK,RKS,9999
1.00198E+13,198,XK,0,1,1,1,2,4,1,1,1,0.426235494,0,1,5,5,5,5,5,5,6,XK,RKS,9999
1.00198E+13,198,XK,1,1,1,2,3,4,1,2,1,0.283894855,1,1,1,1,1,1,1,2,6,XK,RKS,9999
1.00198E+13,198,XK,0,1,2,2,2,4,2,3,1,0.301101056,0,1,5,5,5,5,5,5,6,XK,RKS,9999
1.00198E+13,198,XK,0,1,1,1,2,4,1,1,1,2.394901936,0,1,5,5,5,5,5,5,6,XK,RKS,9999
1.00198E+13,198,XK,0,1,1,1,2,1,3,3,1,1.006678916,0,1,5,5,5,5,5,5,6,XK,RKS,9999
1.00198E+13,198,XK,0,1,1,2,2,4,2,3,1,2.506921792,0,1,5,5,5,5,5,5,6,XK,RKS,9999
1.00198E+13,198,XK,0,1,1,2,2,3,3,3,1,0.768679937,0,1,5,5,5,5,5,5,6,XK,RKS,9999
1.00198E+13,198,XK,1,1,1,2,3,4,2,3,1,1.513019643,1,1,2,2,1,1,2,2,6,XK,RKS,9999
1.00198E+13,198,XK,0,1,1,1,1,1,1,3,1,1.2247323,0,1,5,5,5,5,5,5,6,XK,RKS,9999
1.00198E+13,198,XK,0,1,1,2,2,4,1,3,1,0.307471975,0,1,5,5,5,5,5,5,6,XK,RKS,9999
1.00198E+13,198,XK,0,1,1,1,2,1,2,1,0,1.382757457,0,1,5,5,5,5,5,5,6,XK,RKS,9999
1.00198E+13,198,XK,0,1,1,1,3,4,3,3,1,0.446894439,0,1,5,5,5,5,5,5,6,XK,RKS,9999
1.00198E+13,198,XK,0,1,2,1,2,1,2,3,1,1.83709845,0,1,5,5,5,5,5,5,6,XK,RKS,9999
1.00198E+13,198,XK,0,3,1,1,2,1,3,2,1,0.647047362,0,3,5,5,5,5,5,5,6,XK,RKS,9999
1.00198E+13,198,XK,0,1,1,1,3,4,3,3,0,2.776633121,0,1,5,5,5,5,5,5,6,XK,RKS,9999
1.00198E+13,198,XK,0,1,1,1,1,4,3,3,1,1.2247323,0,1,5,5,5,5,5,5,6,XK,RKS,9999
1.00198E+13,198,XK,1,1,1,1,2,1,2,3,1,1.180833593,1,1,1,2,2,2,2,2,6,XK,RKS,9999
1.00198E+13,198,XK,0,1,1,2,2,4,1,3,1,1.277679558,0,1,5,5,5,5,5,5,6,XK,RKS,9999
1.00198E+13,198,XK,0,1,2,2,2,4,3,3,1,2.838948548,0,1,5,5,5,5,5,5,6,XK,RKS,9999
1.00198E+13,198,XK,1,2,1,1,1,4,2,3,1,1.205380425,1,2,1,2,2,2,2,2,6,XK,RKS,9999
1.00198E+13,198,XK,0,1,2,2,3,4,3,1,0,0.50521712,0,1,5,5,5,5,5,5,6,XK,RKS,9999
1.00198E+13,198,XK,0,1,1,2,1,4,3,3,1,0.92671286,0,1,5,5,5,5,5,5,6,XK,RKS,9999
1.00198E+13,198,XK,0,1,2,1,1,2,1,3,1,1.530915375,0,1,5,5,5,5,5,5,6,XK,RKS,9999
1.00198E+13,198,XK,0,1,1,2,2,1,3,1,1,0.283894855,0,1,5,5,5,5,5,5,6,XK,RKS,9999
1.00198E+13,198,XK,0,1,2,2,2,1,3,1,0,0.660928863,0,1,5,5,5,5,5,5,6,XK,RKS,9999
1.00198E+13,198,XK,0,1,1,1,3,1,2,3,1,0.426235494,0,1,5,5,5,5,5,5,6,XK,RKS,9999
1.00198E+13,198,XK,0,1,1,1,3,1,3,999,1,0.365119962,0,1,5,5,5,5,5,5,6,XK,RKS,9999
1.00198E+13,198,XK,0,1,1,2,2,4,3,3,1,0.54267248,0,1,5,5,5,5,5,5,6,XK,RKS,9999
1.00198E+13,198,XK,1,1,1,1,1,1,3,1,1,0.941001217,1,1,5,1,2,2,1,1,6,XK,RKS,9999
1.00198E+13,198,XK,0,2,1,2,2,1,1,3,1,0.526691372,0,2,5,5,5,5,5,5,6,XK,RKS,9999
1.00198E+13,198,XK,0,1,2,1,3,4,2,3,1,2.838948548,0,1,5,5,5,5,5,5,6,XK,RKS,9999
1.00198E+13,198,XK,0,1,2,2,1,4,3,3,0,2.838948548,0,1,5,5,5,5,5,5,6,XK,RKS,9999
1.00198E+13,198,XK,0,1,1,2,2,3,3,3,1,0.768400647,0,1,5,5,5,5,5,5,6,XK,RKS,9999
1.00198E+13,198,XK,0,1,1,1,2,1,1,1,0,0.958336474,0,1,5,5,5,5,5,5,6,XK,RKS,9999
1.00198E+13,198,XK,0,1,1,1,3,1,1,999,1,0.81781648,0,1,5,5,5,5,5,5,6,XK,RKS,9999
1.00198E+13,198,XK,0,1,1,1,1,2,3,3,0,1.560494855,0,2,5,5,5,5,5,5,6,XK,RKS,9999
1.00198E+13,198,XK,0,1,1,1,3,4,2,1,1,0.653415598,0,1,5,5,5,5,5,5,6,XK,RKS,9999
1.00198E+13,198,XK,0,1,1,2,2,4,1,3,1,1.32737704,0,1,5,5,5,5,5,5,6,XK,RKS,9999
1.00198E+13,198,XK,0,1,1,1,2,1,2,3,1,1.199791378,0,1,5,5,5,5,5,5,6,XK,RKS,9999
1.00198E+13,198,XK,1,1,1,2,1,1,3,2,0,0.308904287,0,2,5,5,5,5,5,5,6,XK,RKS,9999
1.00198E+13,198,XK,0,1,1,2,2,1,3,1,1,0.283894855,0,1,5,5,5,5,5,5,6,XK,RKS,9999
1.00198E+13,198,XK,1,1,2,1,1,2,2,2,0,1.377047608,1,2,1,1,2,2,2,2,6,XK,RKS,9999
1.00198E+13,198,XK,0,1,1,1,1,4,2,3,1,0.599677725,0,1,5,5,5,5,5,5,6,XK,RKS,9999
1.00198E+13,198,XK,0,1,1,2,2,3,3,3,1,2.838948548,0,1,5,5,5,5,5,5,6,XK,RKS,9999
1.00198E+13,198,XK,1,1,1,2,3,4,1,1,0,1.460886153,0,1,5,5,5,5,5,5,6,XK,RKS,9999
1.00198E+13,198,XK,0,3,2,2,2,1,3,3,1,0.314179955,0,3,5,5,5,5,5,5,6,XK,RKS,9999
1.00198E+13,198,XK,0,1,1,2,3,2,2,1,1,0.283894855,0,1,5,5,5,5,5,5,6,XK,RKS,9999
1.00198E+13,198,XK,0,1,1,1,2,4,1,3,1,1.771250389,0,1,5,5,5,5,5,5,6,XK,RKS,9999
1.00198E+13,198,XK,0,2,1,1,2,4,3,2,1,0.936296913,0,2,5,5,5,5,5,5,6,XK,RKS,9999
1.00198E+13,198,XK,0,1,1,2,2,2,3,1,1,0.283894855,0,1,5,5,5,5,5,5,6,XK,RKS,9999
1.00198E+13,198,XK,0,1,1,2,1,4,3,1,1,0.602878775,0,1,5,5,5,5,5,5,6,XK,RKS,9999
1.00198E+13,198,XK,0,1,2,2,2,1,3,3,0,0.691422195,0,1,5,5,5,5,5,5,6,XK,RKS,9999
1.00198E+13,198,XK,0,1,2,2,2,3,2,3,1,0.959783729,0,1,5,5,5,5,5,5,6,XK,RKS,9999
1.00198E+13,198,XK,0,1,1,2,1,1,2,3,1,0.668531669,0,1,5,5,5,5,5,5,6,XK,RKS,9999
1.00198E+13,198,XK,0,1,1,1,2,1,1,1,1,2.604545875,0,1,5,5,5,5,5,5,6,XK,RKS,9999
1.00198E+13,198,XK,0,1,1,2,3,4,1,3,1,1.39365423,0,1,5,5,5,5,5,5,6,XK,RKS,9999
1.00198E+13,198,XK,0,1,2,2,3,4,3,1,1,1.2630428,0,1,5,5,5,5,5,5,6,XK,RKS,9999
1.00198E+13,198,XK,0,1,1,1,3,4,2,1,1,0.283894855,0,1,5,5,5,5,5,5,6,XK,RKS,9999
1.00198E+13,198,XK,0,1,2,2,2,4,2,3,1,0.327458716,0,1,5,5,5,5,5,5,6,XK,RKS,9999
1.00198E+13,198,XK,0,2,1,2,2,4,1,3,1,1.334940188,0,2,5,5,5,5,5,5,6,XK,RKS,9999
1.00198E+13,198,XK,0,1,2,1,2,1,2,1,1,0.568313991,0,1,5,5,5,5,5,5,6,XK,RKS,9999
1.00198E+13,198,XK,0,1,1,2,2,4,2,3,1,2.506921792,0,1,5,5,5,5,5,5,6,XK,RKS,9999
1.00198E+13,198,XK,1,1,1,2,2,4,1,2,1,0.963074321,1,1,1,2,2,2,1,1,6,XK,RKS,9999
1.00198E+13,198,XK,1,1,1,1,2,1,3,3,1,1.091447598,1,1,1,2,2,2,2,2,6,XK,RKS,9999
1.00198E+13,198,XK,0,1,1,2,3,1,1,3,1,1.093445922,0,1,5,5,5,5,5,5,6,XK,RKS,9999
1.00198E+13,198,XK,0,1,1,1,3,2,2,1,1,0.397367494,0,1,5,5,5,5,5,5,6,XK,RKS,9999
1.00198E+13,198,XK,0,1,1,1,2,3,1,1,0,0.327490439,0,1,5,5,5,5,5,5,6,XK,RKS,9999
1.00198E+13,198,XK,1,3,1,2,2,4,1,999,1,1.233655083,1,3,1,2,2,2,2,2,6,XK,RKS,9999
1.00198E+13,198,XK,0,1,1,1,1,3,2,1,1,0.949592231,0,1,5,5,5,5,5,5,6,XK,RKS,9999
1.00198E+13,198,XK,0,1,1,2,3,4,1,1,1,1.047914048,0,1,5,5,5,5,5,5,6,XK,RKS,9999
1.00198E+13,198,XK,0,1,1,2,2,4,1,3,1,1.880191344,0,1,5,5,5,5,5,5,6,XK,RKS,9999
1.00198E+13,198,XK,0,1,1,1,3,4,1,1,1,0.568313991,0,1,5,5,5,5,5,5,6,XK,RKS,9999
1.00198E+13,198,XK,2,1,2,1,3,3,1,3,1,0.300913633,2,1,5,5,5,5,5,5,6,XK,RKS,9999
1.00198E+13,198,XK,0,1,2,2,1,3,3,3,1,0.784659037,0,1,5,5,5,5,5,5,6,XK,RKS,9999
1.00198E+13,198,XK,0,1,1,2,1,3,2,3,0,0.772260716,0,1,5,5,5,5,5,5,6,XK,RKS,9999
1.00198E+13,198,XK,0,1,1,1,3,4,2,3,1,1.851088747,0,1,5,5,5,5,5,5,6,XK,RKS,9999
1.00198E+13,198,XK,0,1,1,1,3,1,2,1,1,0.292095969,0,1,5,5,5,5,5,5,6,XK,RKS,9999
1.00198E+13,198,XK,0,1,2,2,3,2,3,3,1,1.460886153,0,1,5,5,5,5,5,5,6,XK,RKS,9999
1.00198E+13,198,XK,0,1,1,2,2,1,2,3,1,0.30261364,0,1,5,5,5,5,5,5,6,XK,RKS,9999
1.00198E+13,198,XK,1,2,1,2,1,3,3,3,1,0.784659037,1,2,2,2,2,2,2,2,6,XK,RKS,9999
1.00198E+13,198,XK,0,2,1,2,2,4,3,3,1,1.806626902,0,2,5,5,5,5,5,5,6,XK,RKS,9999
1.00198E+13,198,XK,1,1,1,1,1,1,2,1,1,0.856337892,1,1,5,2,2,2,2,2,6,XK,RKS,9999
1.00198E+13,198,XK,0,1,1,1,2,1,2,1,0,1.316316596,0,1,5,5,5,5,5,5,6,XK,RKS,9999
1.00198E+13,198,XK,1,2,2,2,1,4,3,3,1,0.941590844,1,2,2,1,2,2,2,2,6,XK,RKS,9999
1.00198E+13,198,XK,0,1,1,2,2,4,1,3,1,0.664744081,0,1,5,5,5,5,5,5,6,XK,RKS,9999
1.00198E+13,198,XK,0,1,1,2,3,4,2,1,1,0.283894855,0,1,5,5,5,5,5,5,6,XK,RKS,9999
1.00198E+13,198,XK,0,1,1,1,2,3,1,1,0,1.771250389,0,1,5,5,5,5,5,5,6,XK,RKS,9999
1.00198E+13,198,XK,0,1,1,1,2,1,1,3,1,1.771250389,0,1,5,5,5,5,5,5,6,XK,RKS,9999
1.00198E+13,198,XK,0,1,1,1,2,1,2,1,1,0.407207975,0,1,5,5,5,5,5,5,6,XK,RKS,9999
1.00198E+13,198,XK,0,1,1,2,3,4,1,3,1,1.423142197,0,1,5,5,5,5,5,5,6,XK,RKS,9999
1.00198E+13,198,XK,1,2,1,1,2,1,3,999,1,2.838948548,1,2,2,2,1,2,2,2,6,XK,RKS,9999
1.00198E+13,198,XK,0,1,1,2,3,4,1,3,1,1.140466212,0,1,5,5,5,5,5,5,6,XK,RKS,9999
1.00198E+13,198,XK,0,1,1,2,2,3,2,3,0,0.922080777,0,1,5,5,5,5,5,5,6,XK,RKS,9999
1.00198E+13,198,XK,0,1,1,1,3,4,2,1,1,0.283894855,0,1,5,5,5,5,5,5,6,XK,RKS,9999
1.00198E+13,198,XK,0,1,2,2,2,4,3,999,1,2.838948548,0,1,5,5,5,5,5,5,6,XK,RKS,9999
1.00198E+13,198,XK,0,1,1,1,2,1,2,1,1,0.890352242,0,1,5,5,5,5,5,5,6,XK,RKS,9999
1.00198E+13,198,XK,0,1,1,2,2,4,1,2,1,0.605227281,0,1,5,5,5,5,5,5,6,XK,RKS,9999
1.00198E+13,198,XK,0,3,2,1,2,1,3,3,1,0.888773521,0,3,5,5,5,5,5,5,6,XK,RKS,9999
1.00198E+13,198,XK,0,1,1,2,2,4,2,1,0,0.884918027,0,1,5,5,5,5,5,5,6,XK,RKS,9999
1.00198E+13,198,XK,0,3,1,2,3,4,2,3,1,0.283894855,0,3,5,5,5,5,5,5,6,XK,RKS,9999
1.00198E+13,198,XK,0,1,2,1,1,2,3,3,1,1.530915375,0,1,5,5,5,5,5,5,6,XK,RKS,9999
1.00198E+13,198,XK,0,1,1,2,2,3,1,3,0,2.838948548,0,1,5,5,5,5,5,5,6,XK,RKS,9999
1.00198E+13,198,XK,0,1,2,1,1,1,3,3,0,2.295079347,0,1,5,5,5,5,5,5,6,XK,RKS,9999
1.00198E+13,198,XK,0,1,1,1,2,1,3,1,1,2.838948548,0,1,5,5,5,5,5,5,6,XK,RKS,9999
1.00198E+13,198,XK,0,1,2,2,2,2,3,3,0,0.674668064,0,1,5,5,5,5,5,5,6,XK,RKS,9999
1.00198E+13,198,XK,0,1,1,1,3,4,2,3,1,1.851088747,0,1,5,5,5,5,5,5,6,XK,RKS,9999
1.00198E+13,198,XK,0,1,1,2,3,4,2,3,0,0.28668245,0,1,5,5,5,5,5,5,6,XK,RKS,9999
1.00198E+13,198,XK,0,1,2,2,2,4,2,3,1,0.668531669,0,1,5,5,5,5,5,5,6,XK,RKS,9999
1.00198E+13,198,XK,1,1,1,2,1,4,3,3,1,0.959783729,1,1,1,1,1,2,2,2,6,XK,RKS,9999
1.00198E+13,198,XK,0,1,1,2,1,4,2,1,1,0.559413169,0,1,5,5,5,5,5,5,6,XK,RKS,9999
1.00198E+13,198,XK,0,1,1,2,3,4,1,3,1,0.283894855,0,1,5,5,5,5,5,5,6,XK,RKS,9999
1.00198E+13,198,XK,0,1,2,2,1,4,3,3,1,0.835664587,0,1,5,5,5,5,5,5,6,XK,RKS,9999
1.00198E+13,198,XK,0,1,1,2,3,4,2,3,1,1.162867246,0,1,5,5,5,5,5,5,6,XK,RKS,9999
1.00198E+13,198,XK,0,1,1,2,2,4,1,3,1,2.669880375,0,1,5,5,5,5,5,5,6,XK,RKS,9999
1.00198E+13,198,XK,0,1,1,2,1,1,3,3,0,0.685499576,0,1,5,5,5,5,5,5,6,XK,RKS,9999
1.00198E+13,198,XK,0,1,1,2,1,3,2,3,1,0.337334032,0,1,5,5,5,5,5,5,6,XK,RKS,9999
1.00198E+13,198,XK,0,1,1,2,2,4,2,3,1,1.444611482,0,1,5,5,5,5,5,5,6,XK,RKS,9999
1.00198E+13,198,XK,0,1,1,1,3,1,3,1,1,0.710392489,0,1,5,5,5,5,5,5,6,XK,RKS,9999
1.00198E+13,198,XK,0,2,1,1,3,4,3,1,1,0.943427218,0,2,5,5,5,5,5,5,6,XK,RKS,9999
1.00198E+13,198,XK,0,1,1,1,2,1,1,1,0,0.445176121,0,1,5,5,5,5,5,5,6,XK,RKS,9999
1.00198E+13,198,XK,0,1,1,1,1,1,2,1,1,1.808070638,0,1,5,5,5,5,5,5,6,XK,RKS,9999
1.00198E+13,198,XK,0,1,1,2,2,4,3,1,1,0.783531936,0,1,5,5,5,5,5,5,6,XK,RKS,9999
1.00198E+13,198,XK,0,1,2,2,2,1,3,1,1,0.553953401,0,1,5,5,5,5,5,5,6,XK,RKS,9999
1.00198E+13,198,XK,0,1,1,1,3,4,1,1,1,1.780092679,0,1,5,5,5,5,5,5,6,XK,RKS,9999
1.00198E+13,198,XK,0,1,1,2,2,4,3,3,1,0.483948828,0,1,5,5,5,5,5,5,6,XK,RKS,9999
1.00198E+13,198,XK,0,1,2,1,2,4,3,1,1,2.698009758,0,1,5,5,5,5,5,5,6,XK,RKS,9999
1.00198E+13,198,XK,0,1,1,2,2,4,1,1,1,0.451656725,0,1,5,5,5,5,5,5,6,XK,RKS,9999
1.00198E+13,198,XK,0,1,1,1,3,1,3,1,1,2.670139019,0,1,5,5,5,5,5,5,6,XK,RKS,9999
1.00198E+13,198,XK,0,1,1,1,1,4,3,1,0,2.838948548,0,1,5,5,5,5,5,5,6,XK,RKS,9999
1.00198E+13,198,XK,0,2,1,1,2,4,1,1,1,0.881198484,0,2,5,5,5,5,5,5,6,XK,RKS,9999
1.00198E+13,198,XK,2,3,1,1,3,3,2,2,1,0.653415598,2,3,5,5,5,5,5,5,6,XK,RKS,9999
1.00198E+13,198,XK,0,1,1,2,1,2,3,3,0,1.162509062,0,1,5,5,5,5,5,5,6,XK,RKS,9999
1.00198E+13,198,XK,0,1,1,2,2,1,1,1,1,0.283894855,0,1,5,5,5,5,5,5,6,XK,RKS,9999
1.00198E+13,198,XK,0,1,1,1,2,3,2,1,0,0.924983981,0,1,5,5,5,5,5,5,6,XK,RKS,9999
1.00198E+13,198,XK,0,1,1,2,2,4,3,3,1,2.654754081,0,1,5,5,5,5,5,5,6,XK,RKS,9999
1.00198E+13,198,XK,0,1,1,1,3,4,2,2,0,0.453942274,0,2,5,5,5,5,5,5,6,XK,RKS,9999
1.00198E+13,198,XK,0,1,1,2,2,3,1,3,1,0.626825549,0,1,5,5,5,5,5,5,6,XK,RKS,9999
1.00198E+13,198,XK,1,1,1,1,2,1,1,3,1,1.335528364,1,1,2,2,2,2,2,2,6,XK,RKS,9999
1.00198E+13,198,XK,0,1,1,1,2,1,1,3,1,0.944212285,0,1,5,5,5,5,5,5,6,XK,RKS,9999
1.00198E+13,198,XK,0,1,1,1,1,2,2,1,1,1.2247323,0,1,5,5,5,5,5,5,6,XK,RKS,9999
1.00198E+13,198,XK,0,1,2,2,3,4,2,3,1,0.725319672,0,1,5,5,5,5,5,5,6,XK,RKS,9999
1.00198E+13,198,XK,0,1,1,1,2,1,2,1,1,0.885625194,0,1,5,5,5,5,5,5,6,XK,RKS,9999
1.00198E+13,198,XK,0,1,2,2,2,4,2,3,1,2.838948548,0,1,5,5,5,5,5,5,6,XK,RKS,9999
1.00198E+13,198,XK,0,1,1,2,2,4,3,3,1,1.850482625,0,1,5,5,5,5,5,5,6,XK,RKS,9999
1.00198E+13,198,XK,0,2,2,1,3,4,2,1,1,0.454069141,0,2,5,5,5,5,5,5,6,XK,RKS,9999
1.00198E+13,198,XK,0,1,1,2,2,2,2,3,1,0.884918027,0,1,5,5,5,5,5,5,6,XK,RKS,9999
1.00198E+13,198,XK,0,1,1,1,3,1,2,1,0,0.839001177,0,1,5,5,5,5,5,5,6,XK,RKS,9999
1.00198E+13,198,XK,0,1,1,2,2,4,3,3,1,0.456186485,0,1,5,5,5,5,5,5,6,XK,RKS,9999
1.00198E+13,198,XK,0,1,1,1,2,4,3,3,0,0.847028434,0,1,5,5,5,5,5,5,6,XK,RKS,9999
1.00198E+13,198,XK,0,1,1,2,3,4,3,1,0,0.283894855,0,1,5,5,5,5,5,5,6,XK,RKS,9999
1.00198E+13,198,XK,0,1,2,2,3,4,2,3,1,0.483546448,0,1,5,5,5,5,5,5,6,XK,RKS,9999
1.00198E+13,198,XK,0,1,1,2,3,4,1,1,1,0.283894855,0,1,5,5,5,5,5,5,6,XK,RKS,9999
1.00198E+13,198,XK,2,1,1,2,3,4,3,3,0,0.907811786,2,1,5,5,5,5,5,5,6,XK,RKS,9999
1.00198E+13,198,XK,0,1,2,2,2,4,1,3,1,1.880191344,0,1,5,5,5,5,5,5,6,XK,RKS,9999
1.00198E+13,198,XK,0,1,1,2,2,4,3,3,1,0.685499576,0,1,5,5,5,5,5,5,6,XK,RKS,9999
1.00198E+13,198,XK,0,1,1,1,3,4,1,3,0,1.359550192,0,1,5,5,5,5,5,5,6,XK,RKS,9999
1.00198E+13,198,XK,0,1,1,2,1,4,3,3,0,2.709940353,0,1,5,5,5,5,5,5,6,XK,RKS,9999
1.00198E+13,198,XK,0,2,1,2,2,4,1,999,1,1.815623572,0,2,5,5,5,5,5,5,6,XK,RKS,9999
1.00198E+13,198,XK,0,1,2,2,2,1,999,1,1,1.152370325,0,1,5,5,5,5,5,5,6,XK,RKS,9999
1.00198E+13,198,XK,0,1,1,2,2,4,2,1,1,0.28668245,0,1,5,5,5,5,5,5,6,XK,RKS,9999
1.00198E+13,198,XK,0,1,1,1,2,1,2,1,0,0.885625194,0,1,5,5,5,5,5,5,6,XK,RKS,9999
1.00198E+13,198,XK,0,1,1,2,1,4,1,3,1,0.332372041,0,1,5,5,5,5,5,5,6,XK,RKS,9999
1.00198E+13,198,XK,1,2,1,2,2,4,1,999,1,1.162867246,1,2,1,2,2,2,2,2,6,XK,RKS,9999
1.00198E+13,198,XK,0,1,1,1,2,2,3,1,1,0.527174605,0,1,5,5,5,5,5,5,6,XK,RKS,9999
1.00198E+13,198,XK,0,1,2,1,2,4,3,3,1,1.528716335,0,1,5,5,5,5,5,5,6,XK,RKS,9999
1.00198E+13,198,XK,0,1,1,2,2,4,1,3,1,0.313863615,0,1,5,5,5,5,5,5,6,XK,RKS,9999
1.00198E+13,198,XK,0,2,1,2,2,4,1,3,1,1.460886153,0,2,5,5,5,5,5,5,6,XK,RKS,9999
1.00198E+13,198,XK,0,1,2,2,2,4,1,3,1,1.334940188,0,1,5,5,5,5,5,5,6,XK,RKS,9999
1.00198E+13,198,XK,1,1,1,1,2,3,1,3,1,2.838948548,1,1,2,3,2,2,2,2,6,XK,RKS,9999
1.00198E+13,198,XK,2,1,1,2,1,1,3,1,999,1.162509062,2,1,5,5,5,5,5,5,6,XK,RKS,9999
1.00198E+13,198,XK,0,1,2,2,3,4,1,3,1,0.711571098,0,1,5,5,5,5,5,5,6,XK,RKS,9999
1.00198E+13,198,XK,0,2,1,2,1,4,2,3,1,0.614720518,0,2,5,5,5,5,5,5,6,XK,RKS,9999
1.00198E+13,198,XK,1,1,2,2,1,1,3,3,0,1.002797504,1,1,2,1,2,2,2,2,6,XK,RKS,9999
1.00198E+13,198,XK,0,1,1,2,2,4,1,1,1,0.310219549,0,1,5,5,5,5,5,5,6,XK,RKS,9999
1.00198E+13,198,XK,0,1,2,1,3,4,2,1,1,0.483585205,0,1,5,5,5,5,5,5,6,XK,RKS,9999
1.00198E+13,198,XK,0,1,1,2,2,4,1,1,1,1.264661841,0,1,5,5,5,5,5,5,6,XK,RKS,9999
1.00198E+13,198,XK,0,1,2,1,2,1,1,1,1,0.283894855,0,1,5,5,5,5,5,5,6,XK,RKS,9999
1.00198E+13,198,XK,0,1,2,1,3,4,2,1,1,0.350066428,0,1,5,5,5,5,5,5,6,XK,RKS,9999
1.00198E+13,198,XK,0,1,2,1,2,1,2,1,1,0.885625194,0,1,5,5,5,5,5,5,6,XK,RKS,9999
1.00198E+13,198,XK,0,2,1,2,2,4,2,3,1,0.605227281,0,2,5,5,5,5,5,5,6,XK,RKS,9999
1.00198E+13,198,XK,0,1,1,1,1,4,2,3,1,1.205380425,0,1,5,5,5,5,5,5,6,XK,RKS,9999
1.00198E+13,198,XK,0,1,1,2,2,4,2,1,1,2.838948548,0,1,5,5,5,5,5,5,6,XK,RKS,9999
1.00198E+13,198,XK,0,1,2,2,2,4,2,1,1,2.454977561,0,1,5,5,5,5,5,5,6,XK,RKS,9999
1.00198E+13,198,XK,0,1,1,1,3,1,3,3,1,1.771193545,0,1,5,5,5,5,5,5,6,XK,RKS,9999
1.00198E+13,198,XK,0,1,1,1,2,1,2,3,0,1.096930497,0,1,5,5,5,5,5,5,6,XK,RKS,9999
1.00198E+13,198,XK,1,1,1,1,2,1,2,1,1,0.462491991,1,1,5,2,2,2,1,2,6,XK,RKS,9999
1.00198E+13,198,XK,0,1,1,1,3,1,1,1,0,0.289647316,0,1,5,5,5,5,5,5,6,XK,RKS,9999
1.00198E+13,198,XK,0,2,1,2,2,4,1,3,1,0.772260716,0,2,5,5,5,5,5,5,6,XK,RKS,9999
1.00198E+13,198,XK,0,1,1,2,3,4,3,3,1,0.933770178,0,1,5,5,5,5,5,5,6,XK,RKS,9999
1.00198E+13,198,XK,1,1,1,1,2,2,1,1,1,1.83709845,1,1,5,1,2,2,2,2,6,XK,RKS,9999
1.00198E+13,198,XK,1,1,2,1,2,1,3,2,1,1.476041991,1,1,1,2,2,2,1,2,6,XK,RKS,9999
1.00198E+13,198,XK,0,1,1,1,1,1,1,3,1,0.86463622,0,1,5,5,5,5,5,5,6,XK,RKS,9999
1.00198E+13,198,XK,0,1,1,2,2,2,3,3,1,0.358353062,0,1,5,5,5,5,5,5,6,XK,RKS,9999
1.00198E+13,198,XK,0,2,1,2,1,3,3,3,1,0.461040388,0,2,5,5,5,5,5,5,6,XK,RKS,9999
1.00198E+13,198,XK,0,1,1,2,2,4,1,2,1,1.334940188,0,1,5,5,5,5,5,5,6,XK,RKS,9999
1.00198E+13,198,XK,2,1,1,2,2,1,2,3,1,0.283894855,2,1,5,5,5,5,5,5,6,XK,RKS,9999
1.00198E+13,198,XK,0,1,1,1,2,2,999,1,1,0.899843534,0,1,5,5,5,5,5,5,6,XK,RKS,9999
1.00198E+13,198,XK,0,1,2,1,2,1,3,1,1,0.292095969,0,1,5,5,5,5,5,5,6,XK,RKS,9999
1.00198E+13,198,XK,0,1,2,2,2,1,3,1,1,0.907840921,0,1,5,5,5,5,5,5,6,XK,RKS,9999
1.00198E+13,198,XK,0,1,2,1,2,4,3,1,1,0.587465656,0,1,5,5,5,5,5,5,6,XK,RKS,9999
1.00198E+13,198,XK,0,1,1,2,3,4,3,3,0,0.343578521,0,1,5,5,5,5,5,5,6,XK,RKS,9999
1.00198E+13,198,XK,1,1,2,2,2,1,2,3,1,0.470119161,1,1,2,2,2,2,2,2,6,XK,RKS,9999
1.00198E+13,198,XK,0,1,1,1,2,1,2,1,1,0.839001177,0,1,5,5,5,5,5,5,6,XK,RKS,9999
1.00198E+13,198,XK,0,2,1,1,1,1,2,3,1,1.176251521,0,2,5,5,5,5,5,5,6,XK,RKS,9999
1.00198E+13,198,XK,0,1,1,2,2,1,2,1,0,0.283894855,0,1,5,5,5,5,5,5,6,XK,RKS,9999
1.00198E+13,198,XK,0,1,1,1,1,2,3,3,1,0.904035319,0,1,5,5,5,5,5,5,6,XK,RKS,9999
1.00198E+13,198,XK,1,3,1,2,2,4,1,999,1,1.233655083,1,3,1,2,2,2,2,2,6,XK,RKS,9999
1.00198E+13,198,XK,0,1,1,1,2,4,1,1,0,0.545817398,0,1,5,5,5,5,5,5,6,XK,RKS,9999
1.00198E+13,198,XK,0,1,1,2,1,3,3,3,1,0.332372041,0,1,5,5,5,5,5,5,6,XK,RKS,9999
1.00198E+13,198,XK,0,1,2,2,2,4,2,1,1,0.756534101,0,1,5,5,5,5,5,5,6,XK,RKS,9999
1.00198E+13,198,XK,1,1,1,1,3,1,3,2,0,1.158413487,1,1,1,2,2,2,2,2,6,XK,RKS,9999
1.00198E+13,198,XK,0,1,1,2,3,4,3,1,1,0.283894855,0,1,5,5,5,5,5,5,6,XK,RKS,9999
1.00198E+13,198,XK,0,1,1,1,2,2,3,1,0,0.616655988,0,1,5,5,5,5,5,5,6,XK,RKS,9999
1.00198E+13,198,XK,2,1,2,2,2,4,3,1,1,0.884918027,2,1,5,5,5,5,5,5,6,XK,RKS,9999
1.00198E+13,198,XK,0,1,1,1,1,1,2,3,1,1.411501825,0,1,5,5,5,5,5,5,6,XK,RKS,9999
1.00198E+13,198,XK,0,1,1,2,3,4,2,1,1,0.283894855,0,1,5,5,5,5,5,5,6,XK,RKS,9999
1.00198E+13,198,XK,0,1,1,1,3,2,2,1,1,0.283894855,0,1,5,5,5,5,5,5,6,XK,RKS,9999
1.00198E+13,198,XK,2,3,2,2,2,4,3,3,0,0.451651584,0,3,5,5,5,5,5,5,6,XK,RKS,9999
1.00198E+13,198,XK,0,1,1,2,3,4,2,1,1,1.168708923,0,1,5,5,5,5,5,5,6,XK,RKS,9999
1.00198E+13,198,XK,0,1,1,2,3,4,2,1,0,0.351408621,0,1,5,5,5,5,5,5,6,XK,RKS,9999
1.00198E+13,198,XK,0,1,1,1,1,1,1,999,1,1.304344134,0,1,5,5,5,5,5,5,6,XK,RKS,9999
1.00198E+13,198,XK,0,1,1,1,3,4,1,999,1,0.839001177,0,1,5,5,5,5,5,5,6,XK,RKS,9999
1.00198E+13,198,XK,1,1,1,1,1,1,2,1,0,0.856337892,1,1,5,1,2,2,2,1,6,XK,RKS,9999
1.00198E+13,198,XK,0,1,1,2,2,2,2,1,1,0.30261364,0,1,5,5,5,5,5,5,6,XK,RKS,9999
1.00198E+13,198,XK,1,1,1,1,2,1,1,1,1,0.465127184,1,1,5,1,2,2,2,2,6,XK,RKS,9999
1.00198E+13,198,XK,1,1,1,1,3,1,3,1,1,0.302628183,1,1,5,1,2,2,1,2,6,XK,RKS,9999
1.00198E+13,198,XK,0,1,2,1,2,1,1,3,1,0.852470987,0,1,5,5,5,5,5,5,6,XK,RKS,9999
1.00198E+13,198,XK,0,1,1,2,2,4,2,3,1,0.371141325,0,1,5,5,5,5,5,5,6,XK,RKS,9999
1.00198E+13,198,XK,0,1,1,2,3,4,1,1,1,0.364481974,0,1,5,5,5,5,5,5,6,XK,RKS,9999
1.00198E+13,198,XK,0,1,2,1,2,1,2,1,1,1.2247323,0,1,5,5,5,5,5,5,6,XK,RKS,9999
1.00198E+13,198,XK,0,1,1,2,2,4,1,1,1,0.982376148,0,1,5,5,5,5,5,5,6,XK,RKS,9999
1.00198E+13,198,XK,0,1,1,1,2,4,1,3,1,0.635271325,0,1,5,5,5,5,5,5,6,XK,RKS,9999
1.00198E+13,198,XK,0,1,1,2,3,4,2,3,0,0.419165619,0,1,5,5,5,5,5,5,6,XK,RKS,9999
1.00198E+13,198,XK,0,1,1,2,3,4,2,1,0,0.838331238,0,1,5,5,5,5,5,5,6,XK,RKS,9999
1.00198E+13,198,XK,0,1,1,2,1,4,3,3,1,2.838948548,0,1,5,5,5,5,5,5,6,XK,RKS,9999
1.00198E+13,198,XK,0,1,2,1,3,4,1,1,1,0.550800521,0,1,5,5,5,5,5,5,6,XK,RKS,9999
1.00198E+13,198,XK,0,1,1,2,3,4,1,3,1,0.876531692,0,1,5,5,5,5,5,5,6,XK,RKS,9999
1.00198E+13,198,XK,0,1,1,2,2,3,3,3,0,0.30261364,0,1,5,5,5,5,5,5,6,XK,RKS,9999
1.00198E+13,198,XK,0,1,1,2,2,4,1,3,1,0.907840921,0,1,5,5,5,5,5,5,6,XK,RKS,9999
1.00198E+13,198,XK,0,1,1,2,2,4,2,3,1,0.628748429,0,1,5,5,5,5,5,5,6,XK,RKS,9999
1.00198E+13,198,XK,0,1,2,2,3,2,3,3,1,0.933770178,0,1,5,5,5,5,5,5,6,XK,RKS,9999
1.00198E+13,198,XK,0,1,1,2,2,4,1,3,1,2.467310167,0,1,5,5,5,5,5,5,6,XK,RKS,9999
1.00198E+13,198,XK,1,1,1,2,2,3,3,3,0,0.283894855,1,1,2,2,2,2,2,2,6,XK,RKS,9999
1.00198E+13,198,XK,0,1,1,2,3,4,3,1,1,0.283894855,0,1,5,5,5,5,5,5,6,XK,RKS,9999
1.00198E+13,198,XK,1,1,1,2,3,4,1,1,1,0.838331238,1,1,5,2,1,2,2,1,6,XK,RKS,9999
1.00198E+13,198,XK,0,1,1,1,2,1,3,1,1,0.859673745,0,1,5,5,5,5,5,5,6,XK,RKS,9999
1.00198E+13,198,XK,0,1,1,2,2,1,3,1,1,0.30261364,0,1,5,5,5,5,5,5,6,XK,RKS,9999
1.00198E+13,198,XK,0,1,1,1,1,4,2,3,0,1.248395884,0,1,5,5,5,5,5,5,6,XK,RKS,9999
1.00198E+13,198,XK,0,1,1,1,1,1,2,3,1,0.658158298,0,1,5,5,5,5,5,5,6,XK,RKS,9999
1.00198E+13,198,XK,0,1,1,2,2,1,1,1,1,0.283894855,0,1,5,5,5,5,5,5,6,XK,RKS,9999
1.00198E+13,198,XK,0,1,1,2,3,4,3,3,0,1.162867246,0,1,5,5,5,5,5,5,6,XK,RKS,9999
1.00198E+13,198,XK,0,1,1,2,1,4,3,1,1,0.602878775,0,1,5,5,5,5,5,5,6,XK,RKS,9999
1.00198E+13,198,XK,0,1,1,2,3,4,3,1,1,0.283894855,0,1,5,5,5,5,5,5,6,XK,RKS,9999
1.00198E+13,198,XK,1,2,1,2,2,4,2,1,1,0.301101056,1,2,5,2,2,2,2,1,6,XK,RKS,9999
1.00198E+13,198,XK,0,1,1,1,2,1,1,1,1,2.589789736,0,1,5,5,5,5,5,5,6,XK,RKS,9999
1.00198E+13,198,XK,0,1,1,2,2,2,3,3,0,0.440619242,0,1,5,5,5,5,5,5,6,XK,RKS,9999
1.00198E+13,198,XK,1,1,1,1,2,1,1,1,1,0.423514217,1,1,5,2,2,2,2,2,6,XK,RKS,9999
1.00198E+13,198,XK,0,1,1,1,3,4,1,1,1,0.283894855,0,1,5,5,5,5,5,5,6,XK,RKS,9999
1.00198E+13,198,XK,0,1,2,1,3,4,3,1,1,0.444660682,0,1,5,5,5,5,5,5,6,XK,RKS,9999
1.00198E+13,198,XK,1,3,1,1,1,1,1,3,0,1.560494855,0,3,5,5,5,5,5,5,6,XK,RKS,9999
1.00198E+13,198,XK,0,1,1,1,3,4,2,1,1,0.925544374,0,1,5,5,5,5,5,5,6,XK,RKS,9999
1.00198E+13,198,XK,0,1,1,2,2,4,1,1,1,1.769836054,0,1,5,5,5,5,5,5,6,XK,RKS,9999
1.00198E+13,198,XK,0,1,2,2,2,4,2,1,1,1.753063384,0,1,5,5,5,5,5,5,6,XK,RKS,9999
1.00198E+13,198,XK,0,1,1,1,1,2,3,1,0,1.080795274,0,1,5,5,5,5,5,5,6,XK,RKS,9999
1.00198E+13,198,XK,0,1,2,1,1,1,3,3,1,1.304344134,0,1,5,5,5,5,5,5,6,XK,RKS,9999
1.00198E+13,198,XK,0,1,1,2,1,4,3,1,1,0.48230302,0,1,5,5,5,5,5,5,6,XK,RKS,9999
1.00198E+13,198,XK,0,1,1,2,2,4,2,1,0,2.654754081,0,1,5,5,5,5,5,5,6,XK,RKS,9999
1.00198E+13,198,XK,0,1,1,1,1,4,2,1,1,0.856337892,0,1,5,5,5,5,5,5,6,XK,RKS,9999
1.00198E+13,198,XK,0,1,1,2,3,4,1,3,1,1.753063384,0,1,5,5,5,5,5,5,6,XK,RKS,9999
1.00198E+13,198,XK,0,1,1,2,3,4,2,1,1,0.63233092,0,1,5,5,5,5,5,5,6,XK,RKS,9999
1.00198E+13,198,XK,0,1,1,1,2,1,3,1,1,0.590416796,0,1,5,5,5,5,5,5,6,XK,RKS,9999
1.00198E+13,198,XK,0,1,2,2,3,4,3,3,1,1.753063384,0,1,5,5,5,5,5,5,6,XK,RKS,9999
1.00198E+13,198,XK,0,1,1,1,1,4,3,999,1,0.472106142,0,1,5,5,5,5,5,5,6,XK,RKS,9999
1.00198E+13,198,XK,0,1,1,2,2,4,3,1,999,0.715192206,0,1,5,5,5,5,5,5,6,XK,RKS,9999
1.00198E+13,198,XK,0,1,1,2,2,1,2,3,1,0.756534101,0,1,5,5,5,5,5,5,6,XK,RKS,9999
1.00198E+13,198,XK,0,1,1,1,3,1,3,1,1,0.33517083,0,1,5,5,5,5,5,5,6,XK,RKS,9999
1.00198E+13,198,XK,0,1,1,2,3,4,1,3,1,0.725319672,0,1,5,5,5,5,5,5,6,XK,RKS,9999
1.00198E+13,198,XK,0,1,2,1,3,4,2,1,1,0.283894855,0,1,5,5,5,5,5,5,6,XK,RKS,9999
1.00198E+13,198,XK,0,1,1,2,1,1,2,3,1,0.438909476,0,1,5,5,5,5,5,5,6,XK,RKS,9999
1.00198E+13,198,XK,0,1,1,2,1,4,3,3,1,0.664744081,0,1,5,5,5,5,5,5,6,XK,RKS,9999
1.00198E+13,198,XK,0,1,1,2,2,1,2,1,1,0.92671286,0,1,5,5,5,5,5,5,6,XK,RKS,9999
1.00198E+13,198,XK,0,2,2,2,3,4,3,3,1,1.168708923,0,2,5,5,5,5,5,5,6,XK,RKS,9999
1.00198E+13,198,XK,0,1,1,1,2,1,2,3,1,1.27054265,0,1,5,5,5,5,5,5,6,XK,RKS,9999
1.00198E+13,198,XK,1,1,2,1,2,1,2,3,1,1.19935545,1,1,2,2,2,2,2,2,6,XK,RKS,9999
1.00198E+13,198,XK,0,1,1,2,2,2,2,3,1,0.283894855,0,1,5,5,5,5,5,5,6,XK,RKS,9999
1.00198E+13,198,XK,0,1,1,1,3,4,3,1,1,0.300913633,0,1,5,5,5,5,5,5,6,XK,RKS,9999
1.00198E+13,198,XK,0,1,2,2,3,4,2,3,1,0.283894855,0,1,5,5,5,5,5,5,6,XK,RKS,9999
1.00198E+13,198,XK,0,2,1,1,3,4,2,3,1,0.495859012,0,2,5,5,5,5,5,5,6,XK,RKS,9999
1.00198E+13,198,XK,0,1,1,1,2,1,2,999,1,2.838948548,0,1,5,5,5,5,5,5,6,XK,RKS,9999
1.00198E+13,198,XK,0,1,1,2,3,4,2,1,1,0.50521712,0,1,5,5,5,5,5,5,6,XK,RKS,9999
1.00198E+13,198,XK,0,1,1,2,2,3,1,1,1,1.769836054,0,1,5,5,5,5,5,5,6,XK,RKS,9999
1.00198E+13,198,XK,0,1,1,2,2,4,2,1,1,0.387774436,0,1,5,5,5,5,5,5,6,XK,RKS,9999
1.00198E+13,198,XK,0,1,1,2,1,4,3,3,1,0.438909476,0,1,5,5,5,5,5,5,6,XK,RKS,9999
1.00198E+13,198,XK,0,1,2,1,2,4,2,3,1,2.838948548,0,1,5,5,5,5,5,5,6,XK,RKS,9999
1.00198E+13,198,XK,0,1,1,2,2,2,3,3,0,0.283894855,0,1,5,5,5,5,5,5,6,XK,RKS,9999
1.00198E+13,198,XK,0,1,1,1,2,1,1,1,1,0.590416796,0,1,5,5,5,5,5,5,6,XK,RKS,9999
1.00198E+13,198,XK,0,1,2,2,3,4,2,3,1,0.283894855,0,1,5,5,5,5,5,5,6,XK,RKS,9999
1.00198E+13,198,XK,0,1,1,2,2,4,1,1,1,1.334940188,0,1,5,5,5,5,5,5,6,XK,RKS,9999
1.00198E+13,198,XK,0,1,1,1,2,4,2,1,1,1.180833593,0,1,5,5,5,5,5,5,6,XK,RKS,9999
1.00198E+13,198,XK,0,1,1,2,1,4,3,3,1,0.772260716,0,1,5,5,5,5,5,5,6,XK,RKS,9999
1.00198E+13,198,XK,0,1,2,2,3,4,1,3,1,1.460886153,0,1,5,5,5,5,5,5,6,XK,RKS,9999
1.00198E+13,198,XK,0,1,1,2,2,4,1,3,1,1.880191344,0,1,5,5,5,5,5,5,6,XK,RKS,9999
1.00198E+13,198,XK,1,1,2,1,2,4,3,3,0,0.786843571,1,1,1,2,2,2,2,2,6,XK,RKS,9999
1.00198E+13,198,XK,0,1,1,1,3,4,2,1,0,0.558618049,0,2,5,5,5,5,5,5,6,XK,RKS,9999
1.00198E+13,198,XK,0,1,2,2,2,4,2,3,1,0.61494395,0,1,5,5,5,5,5,5,6,XK,RKS,9999
1.00198E+13,198,XK,0,1,1,2,2,4,1,1,1,0.283894855,0,1,5,5,5,5,5,5,6,XK,RKS,9999
1.00198E+13,198,XK,0,1,2,1,2,1,3,1,1,1.635632959,0,1,5,5,5,5,5,5,6,XK,RKS,9999
1.00198E+13,198,XK,2,2,1,2,2,4,1,1,1,0.283894855,2,2,5,5,5,5,5,5,6,XK,RKS,9999
1.00198E+13,198,XK,0,1,1,2,2,1,3,3,1,0.440619242,0,1,5,5,5,5,5,5,6,XK,RKS,9999
1.00198E+13,198,XK,0,1,1,2,1,1,3,1,1,2.258283627,0,1,5,5,5,5,5,5,6,XK,RKS,9999
1.00198E+13,198,XK,0,2,1,1,2,1,2,1,0,1.283065125,0,2,5,5,5,5,5,5,6,XK,RKS,9999
1.00198E+13,198,XK,0,1,1,1,3,4,2,3,0,0.283894855,0,1,5,5,5,5,5,5,6,XK,RKS,9999
1.00198E+13,198,XK,0,1,1,1,3,2,2,1,1,0.283894855,0,1,5,5,5,5,5,5,6,XK,RKS,9999
1.00198E+13,198,XK,0,1,2,1,1,4,3,3,1,1.83709845,0,1,5,5,5,5,5,5,6,XK,RKS,9999
1.00198E+13,198,XK,0,1,1,2,3,4,2,3,1,1.400655267,0,1,5,5,5,5,5,5,6,XK,RKS,9999
1.00198E+13,198,XK,0,1,1,1,2,2,2,1,1,1.074592181,0,1,5,5,5,5,5,5,6,XK,RKS,9999
1.00198E+13,198,XK,0,1,1,2,2,4,1,1,1,1.769836054,0,1,5,5,5,5,5,5,6,XK,RKS,9999
1.00198E+13,198,XK,0,1,1,1,1,1,1,3,0,1.176251521,0,1,5,5,5,5,5,5,6,XK,RKS,9999
1.00198E+13,198,XK,0,1,1,1,2,1,2,1,1,1.506725532,0,1,5,5,5,5,5,5,6,XK,RKS,9999
1.00198E+13,198,XK,0,1,1,2,2,4,1,1,1,1.22748878,0,1,5,5,5,5,5,5,6,XK,RKS,9999
1.00198E+13,198,XK,0,1,1,1,3,2,2,1,0,0.501522722,0,1,5,5,5,5,5,5,6,XK,RKS,9999
1.00198E+13,198,XK,0,1,2,2,1,4,2,3,1,0.582287009,0,1,5,5,5,5,5,5,6,XK,RKS,9999
1.00198E+13,198,XK,1,1,1,1,2,2,2,1,0,0.587465656,0,1,5,5,5,5,5,5,6,XK,RKS,9999
1.00198E+13,198,XK,0,1,1,1,2,4,3,1,1,0.671119277,0,1,5,5,5,5,5,5,6,XK,RKS,9999
1.00198E+13,198,XK,0,1,1,2,2,4,1,3,1,0.907840921,0,1,5,5,5,5,5,5,6,XK,RKS,9999
1.00198E+13,198,XK,1,1,2,2,1,4,3,3,0,0.443162721,1,1,2,2,2,2,2,2,6,XK,RKS,9999
1.00198E+13,198,XK,0,1,2,1,2,1,2,3,1,1.222973068,0,1,5,5,5,5,5,5,6,XK,RKS,9999
1.00198E+13,198,XK,0,1,1,1,3,4,1,1,1,0.446894439,0,1,5,5,5,5,5,5,6,XK,RKS,9999
1.00198E+13,198,XK,0,1,1,1,1,4,2,3,0,0.86463622,0,1,5,5,5,5,5,5,6,XK,RKS,9999
1.00198E+13,198,XK,0,1,1,2,2,4,2,3,1,1.32737704,0,1,5,5,5,5,5,5,6,XK,RKS,9999
1.00198E+13,198,XK,0,3,1,2,2,4,1,3,1,1.916519337,0,3,5,5,5,5,5,5,6,XK,RKS,9999
1.00198E+13,198,XK,0,1,1,1,2,4,2,1,1,0.917229801,0,1,5,5,5,5,5,5,6,XK,RKS,9999
1.00198E+13,198,XK,0,1,1,2,2,4,1,3,1,1.753063384,0,1,5,5,5,5,5,5,6,XK,RKS,9999
1.00198E+13,198,XK,0,1,1,1,2,1,2,1,1,0.958336474,0,1,5,5,5,5,5,5,6,XK,RKS,9999
1.00198E+13,198,XK,0,1,1,2,1,3,2,3,1,0.685499576,0,1,5,5,5,5,5,5,6,XK,RKS,9999
1.00198E+13,198,XK,0,1,1,2,3,4,2,3,1,0.933770178,0,1,5,5,5,5,5,5,6,XK,RKS,9999
1.00198E+13,198,XK,0,1,1,1,3,1,2,1,1,1.73762023,0,1,5,5,5,5,5,5,6,XK,RKS,9999
1.00198E+13,198,XK,0,1,1,2,2,4,1,1,1,0.628748429,0,1,5,5,5,5,5,5,6,XK,RKS,9999
1.00198E+13,198,XK,0,1,1,1,2,4,999,2,1,0.453624546,0,1,5,5,5,5,5,5,6,XK,RKS,9999
1.00198E+13,198,XK,0,1,1,1,2,1,1,1,0,0.308327994,0,1,5,5,5,5,5,5,6,XK,RKS,9999
1.00198E+13,198,XK,0,1,1,2,3,4,3,1,1,1.004709592,0,1,5,5,5,5,5,5,6,XK,RKS,9999
1.00198E+13,198,XK,1,3,1,2,3,4,2,3,0,1.51565136,2,3,5,5,5,5,5,5,6,XK,RKS,9999
1.00198E+13,198,XK,0,1,1,1,3,4,3,1,1,1.960246794,0,1,5,5,5,5,5,5,6,XK,RKS,9999
1.00198E+13,198,XK,0,1,1,2,2,4,3,1,1,1.277679558,0,1,5,5,5,5,5,5,6,XK,RKS,9999
1.00198E+13,198,XK,0,1,2,1,2,1,2,1,1,1.771250389,0,1,5,5,5,5,5,5,6,XK,RKS,9999
1.00198E+13,198,XK,0,1,1,1,3,4,1,1,1,0.289647316,0,1,5,5,5,5,5,5,6,XK,RKS,9999
1.00198E+13,198,XK,0,1,1,1,2,1,1,1,1,0.423514217,0,1,5,5,5,5,5,5,6,XK,RKS,9999
1.00198E+13,198,XK,0,1,1,1,1,1,2,3,1,1.205380425,0,1,5,5,5,5,5,5,6,XK,RKS,9999
1.00198E+13,198,XK,0,1,2,2,2,4,1,1,1,1.769836054,0,1,5,5,5,5,5,5,6,XK,RKS,9999
1.00198E+13,198,XK,0,1,1,2,1,4,3,3,1,0.283894855,0,1,5,5,5,5,5,5,6,XK,RKS,9999
1.00198E+13,198,XK,0,1,1,1,3,4,3,1,1,0.446894439,0,1,5,5,5,5,5,5,6,XK,RKS,9999
1.00198E+13,198,XK,0,1,1,2,3,4,2,1,1,0.419165619,0,1,5,5,5,5,5,5,6,XK,RKS,9999
1.00198E+13,198,XK,0,1,1,2,2,4,2,1,1,0.907840921,0,1,5,5,5,5,5,5,6,XK,RKS,9999
1.00198E+13,198,XK,0,1,1,1,1,1,3,1,1,0.648477165,0,1,5,5,5,5,5,5,6,XK,RKS,9999
1.00198E+13,198,XK,0,1,1,1,2,1,2,3,1,1.560494855,0,1,5,5,5,5,5,5,6,XK,RKS,9999
1.00198E+13,198,XK,0,1,1,1,2,3,2,1,1,0.635271325,0,1,5,5,5,5,5,5,6,XK,RKS,9999
1.00198E+13,198,XK,0,1,1,1,1,1,3,3,0,0.438772199,0,1,5,5,5,5,5,5,6,XK,RKS,9999
1.00198E+13,198,XK,0,1,1,1,1,1,2,1,1,0.899516588,0,1,5,5,5,5,5,5,6,XK,RKS,9999
1.00198E+13,198,XK,0,1,1,2,3,4,3,3,0,0.948761465,0,1,5,5,5,5,5,5,6,XK,RKS,9999
1.00198E+13,198,XK,0,1,1,2,1,4,2,3,1,0.602878775,0,1,5,5,5,5,5,5,6,XK,RKS,9999
1.00198E+13,198,XK,0,1,2,1,3,4,3,3,1,0.340551856,0,1,5,5,5,5,5,5,6,XK,RKS,9999
1.00198E+13,198,XK,0,1,1,1,3,4,3,1,1,0.283894855,0,1,5,5,5,5,5,5,6,XK,RKS,9999
1.00198E+13,198,XK,0,1,1,2,2,1,3,3,1,0.708721822,0,1,5,5,5,5,5,5,6,XK,RKS,9999
1.00198E+13,198,XK,0,1,1,1,3,4,2,1,1,0.401218177,0,1,5,5,5,5,5,5,6,XK,RKS,9999
1.00198E+13,198,XK,2,2,1,2,2,1,2,1,1,2.838948548,2,2,5,5,5,5,5,5,6,XK,RKS,9999
1.00198E+13,198,XK,0,1,1,1,3,1,1,1,1,1.635632959,0,1,5,5,5,5,5,5,6,XK,RKS,9999
1.00198E+13,198,XK,0,2,2,1,1,3,3,3,1,0.918549225,0,2,5,5,5,5,5,5,6,XK,RKS,9999
1.00198E+13,198,XK,0,2,1,2,2,4,2,3,1,2.654754081,0,2,5,5,5,5,5,5,6,XK,RKS,9999
1.00198E+13,198,XK,0,1,1,1,1,1,2,1,1,1.080795274,0,1,5,5,5,5,5,5,6,XK,RKS,9999
1.00198E+13,198,XK,0,1,1,1,2,4,3,1,1,0.283894855,0,1,5,5,5,5,5,5,6,XK,RKS,9999
1.00198E+13,198,XK,0,1,1,1,3,4,3,1,1,0.670341659,0,1,5,5,5,5,5,5,6,XK,RKS,9999
1.00198E+13,198,XK,0,1,1,2,2,4,2,1,1,2.407685803,0,1,5,5,5,5,5,5,6,XK,RKS,9999
1.00198E+13,198,XK,0,1,1,2,1,4,3,3,1,0.526691372,0,1,5,5,5,5,5,5,6,XK,RKS,9999
1.00198E+13,198,XK,0,1,1,2,2,3,1,1,0,2.838948548,0,1,5,5,5,5,5,5,6,XK,RKS,9999
1.00198E+13,198,XK,0,1,1,2,3,4,1,3,1,1.753063384,0,1,5,5,5,5,5,5,6,XK,RKS,9999
1.00198E+13,198,XK,0,1,2,2,2,4,3,1,1,0.628748429,0,1,5,5,5,5,5,5,6,XK,RKS,9999
1.00198E+13,198,XK,0,2,1,1,1,2,2,3,1,2.838948548,0,2,5,5,5,5,5,5,6,XK,RKS,9999
1.00198E+13,198,XK,0,1,1,2,2,3,1,3,1,0.30261364,0,1,5,5,5,5,5,5,6,XK,RKS,9999
1.00198E+13,198,XK,1,2,1,1,2,4,1,3,1,2.268821569,1,2,1,2,2,2,2,2,6,XK,RKS,9999
1.00198E+13,198,XK,0,1,1,2,1,4,3,1,1,2.709940353,0,1,5,5,5,5,5,5,6,XK,RKS,9999
1.00198E+13,198,XK,1,3,1,2,2,4,3,2,1,1.233655083,1,3,2,2,2,2,2,2,6,XK,RKS,9999
1.00198E+13,198,XK,0,1,1,1,2,4,1,1,1,2.453449439,0,1,5,5,5,5,5,5,6,XK,RKS,9999
1.00198E+13,198,XK,0,1,1,1,2,4,3,999,1,1.205380425,0,1,5,5,5,5,5,5,6,XK,RKS,9999
1.00198E+13,198,XK,0,1,1,2,1,4,2,3,1,0.443162721,0,1,5,5,5,5,5,5,6,XK,RKS,9999
1.00198E+13,198,XK,0,1,1,2,3,4,2,1,0,0.283894855,0,1,5,5,5,5,5,5,6,XK,RKS,9999
1.00198E+13,198,XK,0,1,1,2,2,4,2,3,1,2.838948548,0,1,5,5,5,5,5,5,6,XK,RKS,9999
1.00198E+13,198,XK,0,1,1,2,2,2,3,3,1,0.799819775,0,1,5,5,5,5,5,5,6,XK,RKS,9999
1.00198E+13,198,XK,1,1,1,2,2,2,2,1,0,0.342257455,1,1,5,1,1,2,3,2,6,XK,RKS,9999
1.00198E+13,198,XK,0,1,1,2,2,1,2,3,1,1.138835278,0,1,5,5,5,5,5,5,6,XK,RKS,9999
1.00198E+13,198,XK,0,1,1,2,2,4,3,3,1,0.430023675,0,1,5,5,5,5,5,5,6,XK,RKS,9999
1.00198E+13,198,XK,2,1,1,2,1,2,2,3,0,0.443162721,2,1,5,5,5,5,5,5,6,XK,RKS,9999
1.00198E+13,198,XK,0,1,2,1,3,2,1,1,1,0.699167647,0,1,5,5,5,5,5,5,6,XK,RKS,9999
1.00198E+13,198,XK,0,1,1,2,2,4,3,3,1,0.30261364,0,1,5,5,5,5,5,5,6,XK,RKS,9999
1.00198E+13,198,XK,0,1,1,2,2,1,3,3,1,0.330464432,0,1,5,5,5,5,5,5,6,XK,RKS,9999
1.00198E+13,198,XK,0,1,1,1,2,1,1,999,1,1.72652649,0,1,5,5,5,5,5,5,6,XK,RKS,9999
1.00198E+13,198,XK,0,1,1,1,3,4,1,1,1,0.283894855,0,1,5,5,5,5,5,5,6,XK,RKS,9999
1.00198E+13,198,XK,0,1,1,1,3,4,1,1,1,0.985707958,0,1,5,5,5,5,5,5,6,XK,RKS,9999
1.00198E+13,198,XK,0,1,2,2,3,2,3,3,0,0.879647691,0,1,5,5,5,5,5,5,6,XK,RKS,9999
1.00198E+13,198,XK,0,1,1,1,2,1,2,1,1,0.859673745,0,1,5,5,5,5,5,5,6,XK,RKS,9999
1.00198E+13,198,XK,0,1,1,1,2,1,3,1,1,0.429836872,0,1,5,5,5,5,5,5,6,XK,RKS,9999
1.00198E+13,198,XK,0,1,2,1,2,1,3,3,0,2.221933802,0,1,5,5,5,5,5,5,6,XK,RKS,9999
1.00198E+13,198,XK,0,1,2,2,2,4,1,3,1,0.453920461,0,1,5,5,5,5,5,5,6,XK,RKS,9999
1.00198E+13,198,XK,0,1,1,2,3,4,1,3,1,1.004709592,0,1,5,5,5,5,5,5,6,XK,RKS,9999
1.00198E+13,198,XK,0,1,1,2,2,4,2,3,1,0.453920461,0,1,5,5,5,5,5,5,6,XK,RKS,9999
1.00198E+13,198,XK,0,1,1,1,2,3,2,3,1,1.176251521,0,1,5,5,5,5,5,5,6,XK,RKS,9999
1.00198E+13,198,XK,0,1,1,1,2,1,1,1,1,1.152297881,0,1,5,5,5,5,5,5,6,XK,RKS,9999
1.00198E+13,198,XK,0,1,1,2,2,3,1,3,1,0.283894855,0,1,5,5,5,5,5,5,6,XK,RKS,9999
1.00198E+13,198,XK,0,1,1,1,3,4,1,1,1,1.306831196,0,1,5,5,5,5,5,5,6,XK,RKS,9999
1.00198E+13,198,XK,0,1,1,1,2,1,3,1,1,1.476041991,0,1,5,5,5,5,5,5,6,XK,RKS,9999
1.00198E+13,198,XK,0,1,1,2,3,4,1,1,1,1.460886153,0,1,5,5,5,5,5,5,6,XK,RKS,9999
1.00198E+13,198,XK,0,3,1,1,2,1,2,3,1,0.460919152,0,3,5,5,5,5,5,5,6,XK,RKS,9999
1.00198E+13,198,XK,0,1,1,2,2,4,3,1,1,0.283894855,0,1,5,5,5,5,5,5,6,XK,RKS,9999
1.00198E+13,198,XK,0,1,1,2,2,2,3,1,0,0.283894855,0,1,5,5,5,5,5,5,6,XK,RKS,9999
1.00198E+13,198,XK,0,1,1,2,2,1,3,3,0,0.438909476,0,1,5,5,5,5,5,5,6,XK,RKS,9999
1.00198E+13,198,XK,0,1,1,2,2,1,3,3,1,0.474093507,0,1,5,5,5,5,5,5,6,XK,RKS,9999
1.00198E+13,198,XK,0,1,1,1,3,4,1,1,1,0.434470975,0,1,5,5,5,5,5,5,6,XK,RKS,9999
1.00198E+13,198,XK,0,1,2,1,1,2,3,1,0,1.814498183,0,1,5,5,5,5,5,5,6,XK,RKS,9999
1.00198E+13,198,XK,0,1,1,2,3,4,2,3,1,0.967092897,0,1,5,5,5,5,5,5,6,XK,RKS,9999
1.00198E+13,198,XK,0,1,1,2,2,1,2,1,1,0.470119161,0,1,5,5,5,5,5,5,6,XK,RKS,9999
1.00198E+13,198,XK,0,1,1,2,1,4,2,1,1,0.48230302,0,1,5,5,5,5,5,5,6,XK,RKS,9999
1.00198E+13,198,XK,0,1,1,1,3,4,1,1,1,0.283894855,0,1,5,5,5,5,5,5,6,XK,RKS,9999
1.00198E+13,198,XK,0,1,1,2,2,4,3,3,1,0.616827542,0,1,5,5,5,5,5,5,6,XK,RKS,9999
1.00198E+13,198,XK,0,1,1,2,3,4,3,3,1,0.44536959,0,1,5,5,5,5,5,5,6,XK,RKS,9999
1.00198E+13,198,XK,0,1,1,1,2,1,3,3,1,0.877544398,0,1,5,5,5,5,5,5,6,XK,RKS,9999
1.00198E+13,198,XK,0,1,1,1,2,4,2,1,1,1.058785542,0,1,5,5,5,5,5,5,6,XK,RKS,9999
1.00198E+13,198,XK,0,1,2,2,1,4,2,3,1,0.784659037,0,1,5,5,5,5,5,5,6,XK,RKS,9999
1.00198E+13,198,XK,0,1,1,2,2,4,3,3,0,1.32737704,0,1,5,5,5,5,5,5,6,XK,RKS,9999
1.00198E+13,198,XK,0,1,1,1,1,1,2,1,1,2.838948548,0,1,5,5,5,5,5,5,6,XK,RKS,9999
1.00198E+13,198,XK,0,1,1,2,3,4,2,1,1,1.162867246,0,1,5,5,5,5,5,5,6,XK,RKS,9999
1.00198E+13,198,XK,0,1,1,2,2,1,3,3,1,0.602878775,0,1,5,5,5,5,5,5,6,XK,RKS,9999
1.00198E+13,198,XK,1,1,1,2,2,4,3,2,1,0.884918027,1,1,1,2,2,2,2,2,6,XK,RKS,9999
1.00198E+13,198,XK,0,2,1,2,3,4,1,3,1,1.210415715,0,2,5,5,5,5,5,5,6,XK,RKS,9999
1.00198E+13,198,XK,1,1,1,2,2,1,2,1,1,0.283894855,1,1,5,1,2,2,2,2,6,XK,RKS,9999
1.00198E+13,198,XK,0,1,1,1,3,1,3,1,1,0.320563625,0,1,5,5,5,5,5,5,6,XK,RKS,9999
1.00198E+13,198,XK,0,1,2,2,3,4,1,3,1,1.400655267,0,1,5,5,5,5,5,5,6,XK,RKS,9999
1.00198E+13,198,XK,0,1,1,2,2,4,2,1,0,0.440619242,0,1,5,5,5,5,5,5,6,XK,RKS,9999
1.00198E+13,198,XK,0,1,1,2,2,4,3,3,1,0.92671286,0,1,5,5,5,5,5,5,6,XK,RKS,9999
1.00198E+13,198,XK,0,1,1,2,1,4,1,1,1,0.334265835,0,1,5,5,5,5,5,5,6,XK,RKS,9999
1.00198E+13,198,XK,0,1,1,2,3,1,2,1,1,0.28668245,0,1,5,5,5,5,5,5,6,XK,RKS,9999
1.00198E+13,198,XK,1,1,2,2,1,3,1,3,0,0.941590844,0,1,5,5,5,5,5,5,6,XK,RKS,9999
1.00198E+13,198,XK,0,1,1,1,3,4,3,1,1,0.283894855,0,1,5,5,5,5,5,5,6,XK,RKS,9999
1.00198E+13,198,XK,0,1,1,1,2,1,3,3,1,1.205380425,0,1,5,5,5,5,5,5,6,XK,RKS,9999
1.00198E+13,198,XK,0,1,1,2,2,1,2,1,0,0.40329069,0,1,5,5,5,5,5,5,6,XK,RKS,9999
1.00198E+13,198,XK,0,1,1,2,2,1,2,3,1,1.22748878,0,1,5,5,5,5,5,5,6,XK,RKS,9999
1.00198E+13,198,XK,0,3,2,1,2,1,2,999,1,1.72652649,0,3,5,5,5,5,5,5,6,XK,RKS,9999
1.00198E+13,198,XK,0,1,1,2,2,4,2,3,1,2.838948548,0,1,5,5,5,5,5,5,6,XK,RKS,9999
1.00198E+13,198,XK,0,1,1,2,1,3,3,3,1,0.46335643,0,1,5,5,5,5,5,5,6,XK,RKS,9999
1.00198E+13,198,XK,0,1,1,2,2,4,2,3,0,1.84123317,0,1,5,5,5,5,5,5,6,XK,RKS,9999
1.00198E+13,198,XK,0,1,1,2,2,4,1,1,1,2.467310167,0,1,5,5,5,5,5,5,6,XK,RKS,9999
1.00198E+13,198,XK,1,1,1,2,2,1,3,3,0,0.283894855,1,1,1,1,2,1,2,1,6,XK,RKS,9999
1.00198E+13,198,XK,0,1,1,1,1,2,3,3,0,2.643625547,0,1,5,5,5,5,5,5,6,XK,RKS,9999
1.00198E+13,198,XK,0,1,1,2,3,4,2,3,0,1.161378525,0,1,5,5,5,5,5,5,6,XK,RKS,9999
1.00198E+13,198,XK,0,1,1,1,3,4,2,1,1,0.943427218,0,1,5,5,5,5,5,5,6,XK,RKS,9999
1.00198E+13,198,XK,0,1,1,2,2,1,2,1,0,0.283894855,0,1,5,5,5,5,5,5,6,XK,RKS,9999
1.00198E+13,198,XK,0,1,2,2,1,2,3,3,0,0.772260716,0,1,5,5,5,5,5,5,6,XK,RKS,9999
1.00198E+13,198,XK,0,1,1,1,1,2,3,3,0,0.685070314,0,1,5,5,5,5,5,5,6,XK,RKS,9999
1.00198E+13,198,XK,1,1,1,2,2,3,1,2,1,0.283894855,1,1,1,2,2,2,1,2,6,XK,RKS,9999
1.00198E+13,198,XK,0,1,1,2,2,1,1,1,1,0.283894855,0,1,5,5,5,5,5,5,6,XK,RKS,9999
1.00198E+13,198,XK,0,1,1,1,2,2,2,2,1,0.305405981,0,1,5,5,5,5,5,5,6,XK,RKS,9999
1.00198E+13,198,XK,0,1,1,2,2,1,3,3,1,0.307471975,0,1,5,5,5,5,5,5,6,XK,RKS,9999
1.00198E+13,198,XK,2,1,1,2,2,3,1,1,0,0.838331238,2,1,5,5,5,5,5,5,6,XK,RKS,9999
1.00198E+13,198,XK,0,1,1,1,1,4,2,3,1,1.205380425,0,1,5,5,5,5,5,5,6,XK,RKS,9999
1.00198E+13,198,XK,0,1,1,1,2,1,1,3,1,0.885625194,0,1,5,5,5,5,5,5,6,XK,RKS,9999
1.00198E+13,198,XK,0,1,1,1,2,4,2,1,1,0.407207975,0,1,5,5,5,5,5,5,6,XK,RKS,9999
1.00198E+13,198,XK,1,1,1,2,2,4,1,3,1,0.550774053,1,1,1,1,2,2,2,2,6,XK,RKS,9999
1.00198E+13,198,XK,1,1,1,1,1,3,2,3,0,1.83709845,0,1,5,5,5,5,5,5,6,XK,RKS,9999
1.00198E+13,198,XK,0,1,1,1,2,1,1,3,1,1.630430167,0,1,5,5,5,5,5,5,6,XK,RKS,9999
1.00198E+13,198,XK,0,1,1,2,2,1,3,2,1,0.283894855,0,1,5,5,5,5,5,5,6,XK,RKS,9999
1.00198E+13,198,XK,0,1,1,2,2,4,3,3,1,0.92671286,0,1,5,5,5,5,5,5,6,XK,RKS,9999
1.00198E+13,198,XK,0,1,1,2,3,4,2,1,1,0.283894855,0,1,5,5,5,5,5,5,6,XK,RKS,9999
1.00198E+13,198,XK,0,1,1,1,3,4,3,1,1,0.910919938,0,1,5,5,5,5,5,5,6,XK,RKS,9999
1.00198E+13,198,XK,0,1,1,1,2,1,1,3,1,2.838948548,0,1,5,5,5,5,5,5,6,XK,RKS,9999
1.00198E+13,198,XK,0,1,1,1,1,4,3,3,0,1.2247323,0,1,5,5,5,5,5,5,6,XK,RKS,9999
1.00198E+13,198,XK,0,1,2,1,2,1,2,3,1,0.873475444,0,1,5,5,5,5,5,5,6,XK,RKS,9999
1.00198E+13,198,XK,0,1,1,2,3,4,2,1,1,0.430023675,0,1,5,5,5,5,5,5,6,XK,RKS,9999
1.00198E+13,198,XK,0,1,2,1,1,1,2,3,0,0.86463622,0,1,5,5,5,5,5,5,6,XK,RKS,9999
1.00198E+13,198,XK,0,1,2,2,2,4,3,3,1,2.838948548,0,1,5,5,5,5,5,5,6,XK,RKS,9999
1.00198E+13,198,XK,1,1,1,2,2,2,2,2,1,0.884918027,1,1,1,2,2,2,3,2,6,XK,RKS,9999
1.00198E+13,198,XK,0,1,1,1,3,4,2,1,0,2.776633121,0,1,5,5,5,5,5,5,6,XK,RKS,9999
1.00198E+13,198,XK,0,1,1,2,2,4,3,1,0,0.292177231,0,1,5,5,5,5,5,5,6,XK,RKS,9999
1.00198E+13,198,XK,0,1,1,1,2,3,2,3,1,1.27054265,0,1,5,5,5,5,5,5,6,XK,RKS,9999
1.00198E+13,198,XK,0,1,1,2,2,4,3,3,1,1.880191344,0,1,5,5,5,5,5,5,6,XK,RKS,9999
1.00198E+13,198,XK,0,2,1,2,2,4,1,3,1,0.838331238,0,2,5,5,5,5,5,5,6,XK,RKS,9999
1.00198E+13,198,XK,1,1,2,2,2,1,2,3,0,1.168708923,0,1,5,5,5,5,5,5,6,XK,RKS,9999
1.00198E+13,198,XK,0,1,1,1,3,4,3,1,1,0.446894439,0,1,5,5,5,5,5,5,6,XK,RKS,9999
1.00198E+13,198,XK,0,1,1,2,3,4,3,2,1,1.264661841,0,1,5,5,5,5,5,5,6,XK,RKS,9999
1.00198E+13,198,XK,0,1,1,2,2,2,2,3,1,0.660928863,0,1,5,5,5,5,5,5,6,XK,RKS,9999
1.00198E+13,198,XK,0,1,1,2,2,4,3,3,1,0.354360911,0,1,5,5,5,5,5,5,6,XK,RKS,9999
1.00198E+13,198,XK,0,1,1,1,2,1,3,3,1,1.296954329,0,1,5,5,5,5,5,5,6,XK,RKS,9999
1.00198E+13,198,XK,0,1,2,2,2,4,2,1,1,2.212295067,0,1,5,5,5,5,5,5,6,XK,RKS,9999
1.00198E+13,198,XK,0,3,1,2,1,1,2,3,1,0.617808573,0,3,5,5,5,5,5,5,6,XK,RKS,9999
1.00198E+13,198,XK,0,2,2,1,1,1,2,3,1,1.499194313,0,2,5,5,5,5,5,5,6,XK,RKS,9999
1.00198E+13,198,XK,0,1,1,2,2,3,2,2,0,2.838948548,0,1,5,5,5,5,5,5,6,XK,RKS,9999
1.00198E+13,198,XK,0,1,1,2,1,3,3,1,1,0.674668064,0,1,5,5,5,5,5,5,6,XK,RKS,9999
1.00198E+13,198,XK,1,3,1,1,2,1,2,3,999,0.629474857,1,3,1,3,2,1,3,3,6,XK,RKS,9999
1.00198E+13,198,XK,0,1,1,2,2,1,2,3,1,2.467310167,0,1,5,5,5,5,5,5,6,XK,RKS,9999
1.00198E+13,198,XK,0,1,1,2,2,1,3,3,1,0.337334032,0,1,5,5,5,5,5,5,6,XK,RKS,9999
1.00198E+13,198,XK,0,1,1,1,2,1,2,1,0,1.777547041,0,1,5,5,5,5,5,5,6,XK,RKS,9999
1.00198E+13,198,XK,1,1,1,2,2,2,3,3,0,0.283894855,0,1,5,5,5,5,5,5,6,XK,RKS,9999
1.00198E+13,198,XK,0,1,1,2,1,4,2,3,0,0.322632552,0,1,5,5,5,5,5,5,6,XK,RKS,9999
1.00198E+13,198,XK,0,1,1,2,2,3,1,3,1,2.838948548,0,1,5,5,5,5,5,5,6,XK,RKS,9999
1.00198E+13,198,XK,0,2,1,2,2,4,2,1,1,0.94849638,0,2,5,5,5,5,5,5,6,XK,RKS,9999
1.00198E+13,198,XK,0,1,1,2,2,4,1,1,999,1.769836054,0,1,5,5,5,5,5,5,6,XK,RKS,9999
1.00198E+13,198,XK,0,1,1,1,1,1,1,3,1,2.838948548,0,1,5,5,5,5,5,5,6,XK,RKS,9999
1.00198E+13,198,XK,0,1,1,2,2,4,2,3,1,0.453920461,0,1,5,5,5,5,5,5,6,XK,RKS,9999
1.00198E+13,198,XK,0,1,2,1,3,4,3,1,999,1.009087005,0,1,5,5,5,5,5,5,6,XK,RKS,9999
1.00198E+13,198,XK,0,1,1,2,1,4,3,3,1,2.838948548,0,1,5,5,5,5,5,5,6,XK,RKS,9999
1.00198E+13,198,XK,0,1,2,1,1,4,3,3,1,1.080795274,0,1,5,5,5,5,5,5,6,XK,RKS,9999
1.00198E+13,198,XK,0,1,1,2,1,3,1,3,1,0.470795422,0,1,5,5,5,5,5,5,6,XK,RKS,9999
1.00198E+13,198,XK,0,1,1,1,2,2,3,1,1,1.180833593,0,1,5,5,5,5,5,5,6,XK,RKS,9999
1.00198E+13,198,XK,0,1,1,1,1,4,3,3,0,1.814498183,0,1,5,5,5,5,5,5,6,XK,RKS,9999
1.00198E+13,198,XK,0,2,1,1,3,4,2,1,1,1.478561936,0,2,5,5,5,5,5,5,6,XK,RKS,9999
1.00198E+13,198,XK,1,1,1,1,3,1,2,1,1,0.417403756,1,1,5,2,2,2,2,1,6,XK,RKS,9999
1.00198E+13,198,XK,0,1,1,1,2,1,3,1,999,0.841983758,0,1,5,5,5,5,5,5,6,XK,RKS,9999
1.00198E+13,198,XK,0,2,1,2,1,2,3,3,1,1.806626902,0,2,5,5,5,5,5,5,6,XK,RKS,9999
1.00198E+13,198,XK,0,1,1,2,2,4,2,1,1,1.354970176,0,1,5,5,5,5,5,5,6,XK,RKS,9999
1.00198E+13,198,XK,0,1,1,1,2,4,3,3,1,1.530915375,0,1,5,5,5,5,5,5,6,XK,RKS,9999
1.00198E+13,198,XK,0,1,1,2,2,4,1,3,1,0.605207857,0,1,5,5,5,5,5,5,6,XK,RKS,9999
1.00198E+13,198,XK,0,1,1,2,3,4,2,3,1,0.283894855,0,1,5,5,5,5,5,5,6,XK,RKS,9999
1.00198E+13,198,XK,0,2,1,2,3,4,2,3,1,0.483546448,0,2,5,5,5,5,5,5,6,XK,RKS,9999
1.00198E+13,198,XK,0,1,1,2,2,4,1,3,1,2.654754081,0,1,5,5,5,5,5,5,6,XK,RKS,9999
1.00198E+13,198,XK,0,1,1,1,1,2,2,3,1,1.499194313,0,1,5,5,5,5,5,5,6,XK,RKS,9999
1.00198E+13,198,XK,0,1,1,2,2,1,1,1,1,0.313067027,0,1,5,5,5,5,5,5,6,XK,RKS,9999
1.00198E+13,198,XK,0,1,1,2,2,4,3,3,1,1.168708923,0,1,5,5,5,5,5,5,6,XK,RKS,9999
1.00198E+13,198,XK,0,3,2,1,2,1,3,3,0,1.941142085,0,3,5,5,5,5,5,5,6,XK,RKS,9999
1.00198E+13,198,XK,0,1,1,2,2,1,2,3,1,0.608382848,0,1,5,5,5,5,5,5,6,XK,RKS,9999
1.00198E+13,198,XK,0,1,2,2,2,3,1,3,1,1.850482625,0,1,5,5,5,5,5,5,6,XK,RKS,9999
1.00198E+13,198,XK,0,1,1,2,2,4,2,3,1,1.850482625,0,1,5,5,5,5,5,5,6,XK,RKS,9999
1.00198E+13,198,XK,0,1,2,1,2,1,2,1,0,0.839001177,0,1,5,5,5,5,5,5,6,XK,RKS,9999
1.00198E+13,198,XK,0,1,1,1,3,1,2,1,1,0.283894855,0,1,5,5,5,5,5,5,6,XK,RKS,9999
1.00198E+13,198,XK,0,1,2,2,2,4,1,3,0,0.358353062,0,1,5,5,5,5,5,5,6,XK,RKS,9999
1.00198E+13,198,XK,0,1,1,2,2,1,3,3,0,0.456343273,0,1,5,5,5,5,5,5,6,XK,RKS,9999
1.00198E+13,198,XK,0,1,2,1,2,2,2,3,0,1.771250389,0,1,5,5,5,5,5,5,6,XK,RKS,9999
1.00198E+13,198,XK,0,1,2,1,2,1,3,1,1,1.180833593,0,1,5,5,5,5,5,5,6,XK,RKS,9999
1.00198E+13,198,XK,0,1,1,2,2,2,3,3,0,0.685499576,0,1,5,5,5,5,5,5,6,XK,RKS,9999
1.00198E+13,198,XK,0,3,1,2,2,4,1,2,1,0.772260716,0,3,5,5,5,5,5,5,6,XK,RKS,9999
1.00198E+13,198,XK,1,2,1,1,1,1,2,1,1,1.411501825,1,2,5,1,2,2,1,2,6,XK,RKS,9999
1.00198E+13,198,XK,0,3,1,1,2,1,2,1,1,0.699167647,0,3,5,5,5,5,5,5,6,XK,RKS,9999
1.00198E+13,198,XK,0,1,2,1,2,1,3,1,1,0.427688375,0,1,5,5,5,5,5,5,6,XK,RKS,9999
1.00198E+13,198,XK,0,1,1,1,2,4,3,1,1,1.180833593,0,1,5,5,5,5,5,5,6,XK,RKS,9999
1.00198E+13,198,XK,0,1,2,2,2,4,2,3,1,1.880191344,0,1,5,5,5,5,5,5,6,XK,RKS,9999
1.00198E+13,198,XK,0,1,2,1,3,1,3,1,1,0.775335813,0,1,5,5,5,5,5,5,6,XK,RKS,9999
1.00198E+13,198,XK,0,2,1,2,1,3,2,999,999,0.63985582,0,2,5,5,5,5,5,5,6,XK,RKS,9999
1.00198E+13,198,XK,0,1,2,2,2,4,2,3,1,0.283894855,0,1,5,5,5,5,5,5,6,XK,RKS,9999
1.00198E+13,198,XK,0,1,1,2,2,1,2,3,0,0.440619242,0,1,5,5,5,5,5,5,6,XK,RKS,9999
1.00198E+13,198,XK,0,1,1,2,1,4,2,3,1,0.674668064,0,1,5,5,5,5,5,5,6,XK,RKS,9999
1.00198E+13,198,XK,0,1,1,1,3,4,1,1,1,1.777813776,0,1,5,5,5,5,5,5,6,XK,RKS,9999
1.00198E+13,198,XK,0,1,1,2,1,3,2,3,0,0.617808573,0,1,5,5,5,5,5,5,6,XK,RKS,9999
1.00198E+13,198,XK,1,1,1,1,1,1,2,2,1,0.658158298,1,1,1,2,2,2,2,2,6,XK,RKS,9999
1.00198E+13,198,XK,0,1,1,1,2,4,2,3,1,2.838948548,0,1,5,5,5,5,5,5,6,XK,RKS,9999
1.00198E+13,198,XK,1,1,2,2,2,4,2,3,1,2.838948548,1,1,1,1,2,2,1,2,6,XK,RKS,9999
1.00198E+13,198,XK,0,2,1,1,3,4,3,1,1,0.670341659,0,2,5,5,5,5,5,5,6,XK,RKS,9999
1.00198E+13,198,XK,0,1,1,1,3,4,3,1,1,0.699167647,0,1,5,5,5,5,5,5,6,XK,RKS,9999
1.00198E+13,198,XK,0,1,2,2,2,1,3,3,1,0.671295803,0,1,5,5,5,5,5,5,6,XK,RKS,9999
1.00198E+13,198,XK,0,1,1,2,2,2,2,3,1,0.40329069,0,1,5,5,5,5,5,5,6,XK,RKS,9999
1.00198E+13,198,XK,0,1,1,2,3,4,3,3,1,0.725319672,0,1,5,5,5,5,5,5,6,XK,RKS,9999
1.00198E+13,198,XK,0,1,1,1,3,4,3,1,1,0.289647316,0,1,5,5,5,5,5,5,6,XK,RKS,9999
1.00198E+13,198,XK,0,1,1,2,2,4,1,3,1,1.453584058,0,1,5,5,5,5,5,5,6,XK,RKS,9999
1.00198E+13,198,XK,0,1,1,2,1,4,2,1,1,0.664744081,0,1,5,5,5,5,5,5,6,XK,RKS,9999
1.00198E+13,198,XK,0,1,1,2,2,4,1,3,1,0.884918027,0,1,5,5,5,5,5,5,6,XK,RKS,9999
1.00198E+13,198,XK,0,1,1,2,2,1,3,1,1,0.330464432,0,1,5,5,5,5,5,5,6,XK,RKS,9999
1.00198E+13,198,XK,0,1,1,2,3,4,1,3,1,1.264661841,0,1,5,5,5,5,5,5,6,XK,RKS,9999
1.00198E+13,198,XK,0,1,2,1,3,4,1,1,1,2.277299845,0,1,5,5,5,5,5,5,6,XK,RKS,9999
1.00198E+13,198,XK,0,1,2,2,1,4,2,3,1,0.486706279,0,1,5,5,5,5,5,5,6,XK,RKS,9999
1.00198E+13,198,XK,0,1,1,2,3,4,3,3,1,1.753063384,0,1,5,5,5,5,5,5,6,XK,RKS,9999
1.00198E+13,198,XK,0,1,2,2,3,4,3,1,1,0.628748429,0,1,5,5,5,5,5,5,6,XK,RKS,9999
1.00198E+13,198,XK,0,1,1,1,3,2,1,1,1,0.550800521,0,1,5,5,5,5,5,5,6,XK,RKS,9999
1.00198E+13,198,XK,0,2,1,2,1,3,2,3,1,0.553953401,0,2,5,5,5,5,5,5,6,XK,RKS,9999
1.00198E+13,198,XK,0,2,1,2,2,4,1,1,1,0.756534101,0,2,5,5,5,5,5,5,6,XK,RKS,9999
1.00198E+13,198,XK,0,1,2,1,3,4,1,1,1,2.732759814,0,1,5,5,5,5,5,5,6,XK,RKS,9999
1.00198E+13,198,XK,0,1,1,2,1,3,3,3,1,0.617808573,0,1,5,5,5,5,5,5,6,XK,RKS,9999
1.00198E+13,198,XK,0,1,2,1,2,1,3,3,1,1.205380425,0,1,5,5,5,5,5,5,6,XK,RKS,9999
1.00198E+13,198,XK,0,1,2,2,1,1,3,3,1,0.322632552,0,1,5,5,5,5,5,5,6,XK,RKS,9999
1.00198E+13,198,XK,0,1,1,1,2,1,2,3,1,1.205380425,0,1,5,5,5,5,5,5,6,XK,RKS,9999
1.00198E+13,198,XK,0,1,1,2,3,4,3,1,0,0.466885089,0,1,5,5,5,5,5,5,6,XK,RKS,9999
1.00198E+13,198,XK,0,1,2,1,2,1,3,3,1,0.629474857,0,1,5,5,5,5,5,5,6,XK,RKS,9999
1.00198E+13,198,XK,0,1,1,1,2,1,2,3,0,0.885625194,0,1,5,5,5,5,5,5,6,XK,RKS,9999
1.00198E+13,198,XK,0,1,1,1,3,4,2,1,1,0.440076302,0,1,5,5,5,5,5,5,6,XK,RKS,9999
